ts,epoch,gpu_util,engine_state,engine_jiff,engine_thr
00:25:15,1790180715,36,S,165483,333
00:25:16,1790180716,36,S,165513,333
00:25:17,1790180717,36,S,165541,333
00:25:18,1790180718,36,S,165570,333
00:25:19,1790180719,36,S,165599,333
00:25:20,1790180720,36,S,165629,333
00:25:21,1790180721,36,S,165658,333
00:25:22,1790180722,36,S,165688,333
00:25:23,1790180723,36,S,165720,333
00:25:24,1790180724,36,S,165751,333
00:25:25,1790180725,36,S,165782,333
00:25:26,1790180726,36,S,165813,333
00:25:27,1790180727,36,S,165843,333
00:25:28,1790180728,36,S,165873,333
00:25:29,1790180729,36,S,165903,333
00:25:30,1790180730,36,S,165932,333
00:25:31,1790180731,36,S,165963,333
00:25:32,1790180732,36,S,165993,333
00:25:33,1790180733,36,S,166023,333
00:25:34,1790180734,36,S,166052,333
00:25:35,1790180735,36,S,166082,333
00:25:36,1790180736,36,S,166110,333
00:25:37,1790180737,36,S,166141,333
00:25:38,1790180738,36,S,166170,333
00:25:39,1790180739,36,S,166199,333
00:25:40,1790180740,36,S,166229,333
00:25:41,1790180741,36,S,166258,333
00:25:42,1790180742,36,S,166288,333
00:25:43,1790180743,36,S,166317,333
00:25:44,1790180744,36,S,166347,333
00:25:45,1790180745,36,S,166376,333
00:25:46,1790180746,36,S,166405,333
00:25:47,1790180747,36,S,166434,333
00:25:48,1790180748,36,S,166462,333
00:25:49,1790180749,36,S,166491,333
00:25:50,1790180750,36,S,166520,333
00:25:51,1790180751,36,S,166549,333
00:25:52,1790180752,36,S,166581,333
00:25:53,1790180753,36,S,166612,333
00:25:54,1790180754,36,S,166643,333
00:25:55,1790180755,36,S,166673,333
00:25:56,1790180756,36,S,166702,333
00:25:57,1790180757,36,S,166731,333
00:25:58,1790180758,36,S,166761,333
00:25:59,1790180759,36,S,166790,333
00:26:00,1790180760,36,S,166821,333
00:26:01,1790180761,36,S,166850,333
00:26:02,1790180762,36,S,166880,333
00:26:03,1790180763,36,S,166911,333
00:26:04,1790180764,36,R,167096,333
00:26:05,1790180765,36,R,167289,333
00:26:06,1790180766,36,R,167483,333
00:26:07,1790180767,36,R,167675,333
00:26:08,1790180768,36,R,167867,333
00:26:09,1790180769,36,R,168058,333
00:26:10,1790180770,36,R,168248,333
00:26:11,1790180771,36,R,168438,333
00:26:12,1790180772,36,R,168625,333
00:26:13,1790180773,36,R,168804,333
00:26:14,1790180774,36,R,168964,333
00:26:15,1790180775,36,R,169105,333
00:26:16,1790180776,36,R,169244,333
00:26:17,1790180777,36,R,169383,333
00:26:18,1790180778,36,R,169522,333
00:26:19,1790180779,36,R,169661,333
00:26:20,1790180780,36,S,169790,333
00:26:21,1790180781,36,R,169830,333
00:26:22,1790180782,36,R,169873,333
00:26:23,1790180783,36,S,169910,333
00:26:24,1790180784,36,S,169946,333
00:26:25,1790180785,36,S,169985,333
00:26:26,1790180786,36,S,170023,333
00:26:27,1790180787,36,S,170059,333
00:26:28,1790180788,36,S,170096,333
00:26:29,1790180789,36,S,170135,333
00:26:30,1790180790,36,S,170173,333
00:26:31,1790180791,36,S,170211,333
00:26:32,1790180792,36,S,170249,333
00:26:33,1790180793,36,S,170286,333
00:26:34,1790180794,36,S,170324,333
00:26:35,1790180795,36,S,170364,333
00:26:36,1790180796,36,S,170402,333
00:26:37,1790180797,36,S,170441,333
00:26:38,1790180798,36,S,170478,333
00:26:39,1790180799,36,S,170517,333
00:26:40,1790180800,36,R,170624,333
00:26:41,1790180801,36,R,170759,333
00:26:42,1790180802,36,R,170895,333
00:26:43,1790180803,36,R,171029,333
00:26:44,1790180804,36,R,171165,333
00:26:45,1790180805,36,R,171300,333
00:26:46,1790180806,36,R,171435,333
00:26:47,1790180807,36,R,171571,333
00:26:48,1790180808,36,R,171706,333
00:26:49,1790180809,36,R,171842,333
00:26:50,1790180810,36,R,171978,333
00:26:51,1790180811,36,R,172113,333
00:26:52,1790180812,36,R,172249,333
00:26:53,1790180813,36,R,172385,333
00:26:54,1790180814,36,R,172521,333
00:26:55,1790180815,36,R,172656,333
00:26:56,1790180816,36,R,172792,333
00:26:57,1790180817,36,R,172928,333
00:26:58,1790180818,36,R,173063,333
00:26:59,1790180819,36,R,173199,333
00:27:00,1790180820,36,R,173334,333
00:27:01,1790180821,36,R,173469,333
00:27:02,1790180822,36,R,173604,333
00:27:03,1790180823,36,R,173738,333
00:27:04,1790180824,36,R,173874,333
00:27:05,1790180825,36,R,174007,333
00:27:06,1790180826,36,R,174142,333
00:27:07,1790180827,36,R,174277,333
00:27:08,1790180828,36,R,174411,333
00:27:09,1790180829,36,R,174547,333
00:27:10,1790180830,36,R,174682,333
00:27:11,1790180831,36,R,174817,333
00:27:12,1790180832,36,R,174952,333
00:27:13,1790180833,36,R,175087,333
00:27:14,1790180834,36,R,175222,333
00:27:15,1790180835,36,R,175357,333
00:27:16,1790180836,36,R,175492,333
00:27:17,1790180837,36,R,175626,333
00:27:18,1790180838,36,R,175761,333
00:27:19,1790180839,36,R,175895,333
00:27:20,1790180840,36,R,176029,333
00:27:21,1790180841,36,R,176164,333
00:27:22,1790180842,36,S,176308,333
00:27:23,1790180843,36,R,176460,333
00:27:24,1790180844,36,R,176598,333
00:27:25,1790180845,36,R,176737,333
00:27:26,1790180846,36,R,176890,333
00:27:27,1790180847,36,R,177028,333
00:27:28,1790180848,36,R,177167,333
00:27:29,1790180849,36,R,177306,333
00:27:30,1790180850,36,R,177444,333
00:27:31,1790180851,36,R,177583,333
00:27:32,1790180852,36,R,177722,333
00:27:33,1790180853,36,R,177863,333
00:27:34,1790180854,36,R,178002,333
00:27:35,1790180855,36,R,178141,333
00:27:36,1790180856,36,R,178281,333
00:27:37,1790180857,36,R,178421,333
00:27:38,1790180858,36,R,178561,333
00:27:39,1790180859,36,R,178701,333
00:27:40,1790180860,36,R,178840,333
00:27:41,1790180861,36,R,178978,333
00:27:42,1790180862,36,R,179113,333
00:27:43,1790180863,36,R,179248,333
00:27:44,1790180864,36,R,179383,333
00:27:45,1790180865,36,R,179518,333
00:27:46,1790180866,36,R,179653,333
00:27:47,1790180867,36,R,179788,333
00:27:48,1790180868,36,R,179923,333
00:27:49,1790180869,36,R,180057,333
00:27:50,1790180870,36,R,180193,333
00:27:51,1790180871,36,R,180329,333
00:27:52,1790180872,36,R,180463,333
00:27:53,1790180873,36,R,180598,333
00:27:54,1790180874,36,R,180732,333
00:27:55,1790180875,36,R,180866,333
00:27:56,1790180876,36,R,181001,333
00:27:57,1790180877,36,R,181136,333
00:27:58,1790180878,36,R,181270,333
00:27:59,1790180879,36,R,181404,333
00:28:00,1790180880,36,R,181539,333
00:28:01,1790180881,36,R,181673,333
00:28:02,1790180882,36,R,181807,333
00:28:03,1790180883,36,R,181942,333
00:28:04,1790180884,36,R,182076,333
00:28:05,1790180885,36,R,182211,333
00:28:06,1790180886,36,R,182346,333
00:28:07,1790180887,36,R,182480,333
00:28:08,1790180888,36,R,182615,333
00:28:09,1790180889,36,R,182749,333
00:28:10,1790180890,36,R,182884,333
00:28:11,1790180891,36,R,183019,333
00:28:12,1790180892,36,R,183153,333
00:28:13,1790180893,36,R,183288,333
00:28:14,1790180894,36,R,183422,333
00:28:15,1790180895,36,R,183557,333
00:28:16,1790180896,36,R,183692,333
00:28:17,1790180897,36,R,183826,333
00:28:18,1790180898,36,R,183960,333
00:28:19,1790180899,36,R,184094,333
00:28:20,1790180900,36,R,184228,333
00:28:21,1790180901,36,R,184364,333
00:28:22,1790180902,36,R,184498,333
00:28:23,1790180903,36,R,184639,333
00:28:24,1790180904,36,R,184794,333
00:28:25,1790180905,36,R,184933,333
00:28:26,1790180906,36,R,185072,333
00:28:27,1790180907,36,R,185210,333
00:28:28,1790180908,36,R,185349,333
00:28:29,1790180909,36,R,185487,333
00:28:30,1790180910,36,R,185627,333
00:28:31,1790180911,36,R,185766,333
00:28:32,1790180912,36,R,185904,333
00:28:33,1790180913,36,R,186044,333
00:28:34,1790180914,36,R,186184,333
00:28:35,1790180915,36,R,186322,333
00:28:36,1790180916,36,R,186462,333
00:28:37,1790180917,36,R,186600,333
00:28:38,1790180918,36,R,186739,333
00:28:39,1790180919,36,R,186878,333
00:28:40,1790180920,36,R,187019,333
00:28:41,1790180921,36,R,187159,333
00:28:42,1790180922,36,R,187298,333
00:28:43,1790180923,36,R,187435,333
00:28:44,1790180924,36,R,187570,333
00:28:45,1790180925,36,R,187705,333
00:28:46,1790180926,36,R,187841,333
00:28:47,1790180927,36,R,187976,333
00:28:48,1790180928,36,R,188112,333
00:28:49,1790180929,36,R,188247,333
00:28:50,1790180930,36,R,188383,333
00:28:51,1790180931,36,R,188519,333
00:28:52,1790180932,36,R,188654,333
00:28:53,1790180933,36,R,188789,333
00:28:54,1790180934,36,R,188925,333
00:28:55,1790180935,36,R,189061,333
00:28:56,1790180936,36,R,189196,333
00:28:57,1790180937,36,R,189331,333
00:28:58,1790180938,36,R,189468,333
00:28:59,1790180939,36,R,189604,333
00:29:00,1790180940,36,R,189741,333
00:29:01,1790180941,36,R,189875,333
00:29:02,1790180942,36,R,190011,333
00:29:03,1790180943,36,R,190148,333
00:29:04,1790180944,36,R,190283,333
00:29:05,1790180945,36,R,190418,333
00:29:06,1790180946,36,R,190554,333
00:29:07,1790180947,36,R,190690,333
00:29:08,1790180948,36,R,190827,333
00:29:09,1790180949,36,R,190963,333
00:29:10,1790180950,36,R,191099,333
00:29:11,1790180951,36,R,191235,333
00:29:12,1790180952,36,R,191371,333
00:29:13,1790180953,36,R,191506,333
00:29:14,1790180954,36,R,191642,333
00:29:15,1790180955,36,R,191778,333
00:29:16,1790180956,36,R,191913,333
00:29:17,1790180957,36,R,192049,333
00:29:18,1790180958,36,R,192185,333
00:29:19,1790180959,36,R,192320,333
00:29:20,1790180960,36,R,192456,333
00:29:21,1790180961,36,R,192591,333
00:29:22,1790180962,36,R,192727,333
00:29:23,1790180963,36,R,192862,333
00:29:24,1790180964,36,R,192997,333
00:29:25,1790180965,36,R,193155,333
00:29:26,1790180966,36,R,193295,333
00:29:27,1790180967,36,R,193434,333
00:29:28,1790180968,36,R,193573,333
00:29:29,1790180969,36,R,193712,333
00:29:30,1790180970,36,R,193851,333
00:29:31,1790180971,36,R,193992,333
00:29:32,1790180972,36,R,194131,333
00:29:33,1790180973,36,R,194270,333
00:29:34,1790180974,36,R,194410,333
00:29:35,1790180975,36,R,194551,333
00:29:36,1790180976,36,R,194691,333
00:29:37,1790180977,36,R,194831,333
00:29:38,1790180978,36,R,194970,333
00:29:39,1790180979,36,R,195109,333
00:29:40,1790180980,36,R,195249,333
00:29:41,1790180981,36,R,195390,333
00:29:42,1790180982,36,R,195529,333
00:29:43,1790180983,36,R,195681,333
00:29:44,1790180984,36,R,195821,333
00:29:45,1790180985,36,R,195956,333
00:29:46,1790180986,36,R,196092,333
00:29:47,1790180987,36,R,196226,333
00:29:48,1790180988,36,R,196361,333
00:29:49,1790180989,36,R,196497,333
00:29:50,1790180990,36,R,196633,333
00:29:51,1790180991,36,R,196768,333
00:29:52,1790180992,36,R,196904,333
00:29:53,1790180993,36,R,197039,333
00:29:54,1790180994,36,R,197175,333
00:29:55,1790180995,36,R,197310,333
00:29:56,1790180996,36,R,197446,333
00:29:57,1790180997,36,R,197581,333
00:29:58,1790180998,36,R,197716,333
00:29:59,1790180999,36,R,197852,333
00:30:00,1790181000,36,R,197987,333
00:30:01,1790181001,36,R,198122,333
00:30:02,1790181002,36,R,198256,333
00:30:03,1790181003,36,R,198392,333
00:30:04,1790181004,36,R,198528,333
00:30:05,1790181005,36,R,198662,333
00:30:06,1790181006,36,R,198798,333
00:30:07,1790181007,36,R,198933,333
00:30:08,1790181008,36,R,199069,333
00:30:09,1790181009,36,R,199204,333
00:30:10,1790181010,36,R,199339,333
00:30:11,1790181011,36,R,199475,333
00:30:12,1790181012,36,R,199610,333
00:30:13,1790181013,36,R,199745,333
00:30:14,1790181014,36,R,199881,333
00:30:15,1790181015,36,R,200016,333
00:30:16,1790181016,36,R,200151,333
00:30:17,1790181017,36,R,200286,333
00:30:18,1790181018,36,R,200421,333
00:30:19,1790181019,36,R,200557,333
00:30:20,1790181020,36,R,200692,333
00:30:21,1790181021,36,R,200827,333
00:30:22,1790181022,36,R,200962,333
00:30:23,1790181023,36,R,201097,333
00:30:24,1790181024,36,R,201232,333
00:30:25,1790181025,36,R,201366,333
00:30:26,1790181026,36,R,201502,333
00:30:27,1790181027,36,R,201637,333
00:30:28,1790181028,36,R,201773,333
00:30:29,1790181029,36,R,201910,333
00:30:30,1790181030,36,S,201942,333
00:30:31,1790181031,36,S,201969,333
00:30:32,1790181032,36,S,201999,333
00:30:33,1790181033,36,S,202028,333
00:30:34,1790181034,36,S,202059,333
00:30:35,1790181035,36,S,202089,333
00:30:36,1790181036,36,S,202119,333
00:30:37,1790181037,36,S,202149,333
00:30:38,1790181038,36,S,202179,333
00:30:39,1790181039,36,S,202210,333
00:30:40,1790181040,36,S,202239,333
00:30:41,1790181041,36,S,202270,333
00:30:42,1790181042,36,S,202301,333
00:30:43,1790181043,36,S,202331,333
00:30:44,1790181044,36,S,202362,333
00:30:45,1790181045,36,S,202392,333
00:30:46,1790181046,36,S,202423,333
00:30:47,1790181047,36,S,202453,333
00:30:48,1790181048,36,S,202483,333
00:30:49,1790181049,36,S,202512,333
00:30:50,1790181050,36,S,202542,333
00:30:51,1790181051,36,S,202573,333
00:30:52,1790181052,36,S,202604,333
00:30:53,1790181053,36,S,202634,333
00:30:54,1790181054,36,S,202664,333
00:30:55,1790181055,36,S,202694,333
00:30:56,1790181056,36,S,202724,333
00:30:57,1790181057,36,S,202754,333
00:30:58,1790181058,36,S,202784,333
00:30:59,1790181059,36,S,202814,333
00:31:00,1790181060,36,S,202844,333
00:31:01,1790181061,36,S,202874,333
00:31:02,1790181062,36,S,202904,333
00:31:03,1790181063,36,S,202935,333
00:31:04,1790181064,36,S,202964,333
00:31:05,1790181065,36,S,202994,333
00:31:06,1790181066,36,S,203024,333
00:31:07,1790181067,36,S,203055,333
00:31:08,1790181068,36,S,203085,333
00:31:09,1790181069,36,S,203114,333
00:31:10,1790181070,36,S,203144,333
00:31:11,1790181071,36,S,203173,333
00:31:12,1790181072,36,S,203204,333
00:31:13,1790181073,36,S,203234,333
00:31:14,1790181074,36,S,203264,333
00:31:15,1790181075,36,S,203294,333
00:31:16,1790181076,36,S,203324,333
00:31:17,1790181077,36,S,203354,333
00:31:18,1790181078,36,S,203383,333
00:31:19,1790181079,36,S,203413,333
00:31:20,1790181080,36,S,203441,333
00:31:21,1790181081,36,S,203471,333
00:31:22,1790181082,36,S,203501,333
00:31:23,1790181083,36,S,203529,333
00:31:24,1790181084,36,S,203559,333
00:31:25,1790181085,36,S,203589,333
00:31:26,1790181086,36,S,203619,333
00:31:27,1790181087,36,S,203649,333
00:31:28,1790181088,36,S,203680,333
00:31:29,1790181089,36,S,203709,333
00:31:30,1790181090,36,S,203739,333
00:31:31,1790181091,36,S,203768,333
00:31:32,1790181092,36,S,203798,333
00:31:33,1790181093,36,R,203968,333
00:31:34,1790181094,36,R,204159,333
00:31:35,1790181095,36,R,204350,333
00:31:36,1790181096,36,R,204541,333
00:31:37,1790181097,36,R,204733,333
00:31:38,1790181098,36,R,204923,333
00:31:39,1790181099,36,R,205112,333
00:31:40,1790181100,36,R,205301,333
00:31:41,1790181101,36,R,205489,333
00:31:42,1790181102,36,R,205675,333
00:31:43,1790181103,36,R,205856,333
00:31:44,1790181104,36,R,206014,333
00:31:45,1790181105,36,R,206155,333
00:31:46,1790181106,36,R,206294,333
00:31:47,1790181107,36,R,206433,333
00:31:48,1790181108,36,R,206572,333
00:31:49,1790181109,36,R,206711,333
00:31:50,1790181110,36,R,206849,333
00:31:51,1790181111,36,R,206984,333
00:31:52,1790181112,36,R,207119,333
00:31:53,1790181113,36,R,207254,333
00:31:54,1790181114,36,R,207388,333
00:31:55,1790181115,36,R,207523,333
00:31:56,1790181116,36,R,207658,333
00:31:57,1790181117,36,R,207793,333
00:31:58,1790181118,36,R,207928,333
00:31:59,1790181119,36,R,208064,333
00:32:00,1790181120,36,R,208198,333
00:32:01,1790181121,36,R,208335,333
00:32:02,1790181122,36,S,208470,333
00:32:03,1790181123,36,R,208606,333
00:32:04,1790181124,36,R,208740,333
00:32:05,1790181125,36,R,208876,333
00:32:06,1790181126,36,R,209010,333
00:32:07,1790181127,36,R,209145,333
00:32:08,1790181128,36,R,209281,333
00:32:09,1790181129,36,R,209417,333
00:32:10,1790181130,36,R,209551,333
00:32:11,1790181131,36,R,209687,333
00:32:12,1790181132,36,R,209821,333
00:32:13,1790181133,36,R,209957,333
00:32:14,1790181134,36,R,210091,333
00:32:15,1790181135,36,R,210226,333
00:32:16,1790181136,36,R,210362,333
00:32:17,1790181137,36,R,210497,333
00:32:18,1790181138,36,R,210631,333
00:32:19,1790181139,36,R,210766,333
00:32:20,1790181140,36,R,210901,333
00:32:21,1790181141,36,R,211037,333
00:32:22,1790181142,36,R,211171,333
00:32:23,1790181143,36,R,211307,333
00:32:24,1790181144,36,S,211441,333
00:32:25,1790181145,36,R,211575,333
00:32:26,1790181146,36,R,211711,333
00:32:27,1790181147,36,R,211845,333
00:32:28,1790181148,36,R,211981,333
00:32:29,1790181149,36,R,212116,333
00:32:30,1790181150,36,R,212251,333
00:32:31,1790181151,36,R,212387,333
00:32:32,1790181152,36,R,212530,333
00:32:33,1790181153,36,R,212681,333
00:32:34,1790181154,36,R,212819,333
00:32:35,1790181155,36,R,212958,333
00:32:36,1790181156,36,R,213112,333
00:32:37,1790181157,36,R,213250,333
00:32:38,1790181158,36,R,213390,333
00:32:39,1790181159,36,R,213528,333
00:32:40,1790181160,36,R,213668,333
00:32:41,1790181161,36,R,213806,333
00:32:42,1790181162,36,R,213946,333
00:32:43,1790181163,36,R,214085,333
00:32:44,1790181164,36,R,214223,333
00:32:45,1790181165,36,R,214363,333
00:32:46,1790181166,36,R,214502,333
00:32:47,1790181167,36,R,214641,333
00:32:48,1790181168,36,R,214780,333
00:32:49,1790181169,36,R,214921,333
00:32:50,1790181170,36,R,215059,333
00:32:51,1790181171,36,R,215198,333
00:32:52,1790181172,36,R,215335,333
00:32:53,1790181173,36,R,215471,333
00:32:54,1790181174,36,R,215606,333
00:32:55,1790181175,36,R,215742,333
00:32:56,1790181176,36,R,215878,333
00:32:57,1790181177,36,R,216014,333
00:32:58,1790181178,36,R,216149,333
00:32:59,1790181179,36,R,216285,333
00:33:00,1790181180,36,R,216419,333
00:33:01,1790181181,36,R,216555,333
00:33:02,1790181182,36,R,216690,333
00:33:03,1790181183,36,R,216825,333
00:33:04,1790181184,36,R,216961,333
00:33:05,1790181185,36,R,217096,333
00:33:06,1790181186,36,R,217231,333
00:33:07,1790181187,36,R,217367,333
00:33:08,1790181188,36,R,217501,333
00:33:09,1790181189,36,R,217636,333
00:33:10,1790181190,36,R,217772,333
00:33:11,1790181191,36,R,217907,333
00:33:12,1790181192,36,R,218042,333
00:33:13,1790181193,36,R,218178,333
00:33:14,1790181194,36,R,218312,333
00:33:15,1790181195,36,R,218448,333
00:33:16,1790181196,36,R,218583,333
00:33:17,1790181197,36,R,218718,333
00:33:18,1790181198,36,R,218853,333
00:33:19,1790181199,36,R,218988,333
00:33:20,1790181200,36,R,219123,333
00:33:21,1790181201,36,R,219258,333
00:33:22,1790181202,36,R,219393,333
00:33:23,1790181203,36,R,219529,333
00:33:24,1790181204,36,R,219663,333
00:33:25,1790181205,36,R,219798,333
00:33:26,1790181206,36,R,219933,333
00:33:27,1790181207,36,R,220069,333
00:33:28,1790181208,36,R,220204,333
00:33:29,1790181209,36,R,220339,333
00:33:30,1790181210,36,R,220474,333
00:33:31,1790181211,36,R,220610,333
00:33:32,1790181212,36,R,220746,333
00:33:33,1790181213,36,R,220885,333
00:33:34,1790181214,36,R,221044,333
00:33:35,1790181215,36,R,221185,333
00:33:36,1790181216,36,R,221324,333
00:33:37,1790181217,36,R,221464,333
00:33:38,1790181218,36,R,221603,333
00:33:39,1790181219,36,R,221742,333
00:33:40,1790181220,36,R,221883,333
00:33:41,1790181221,36,R,222022,333
00:33:42,1790181222,36,R,222161,333
00:33:43,1790181223,36,R,222300,333
00:33:44,1790181224,36,R,222439,333
00:33:45,1790181225,36,R,222578,333
00:33:46,1790181226,36,R,222717,333
00:33:47,1790181227,36,R,222856,333
00:33:48,1790181228,36,R,222995,333
00:33:49,1790181229,36,R,223134,333
00:33:50,1790181230,36,R,223273,333
00:33:51,1790181231,36,R,223412,333
00:33:52,1790181232,36,R,223550,333
00:33:53,1790181233,36,R,223686,333
00:33:54,1790181234,36,R,223821,333
00:33:55,1790181235,36,R,223956,333
00:33:56,1790181236,36,R,224091,333
00:33:57,1790181237,36,R,224226,333
00:33:58,1790181238,36,R,224361,333
00:33:59,1790181239,36,R,224495,333
00:34:00,1790181240,36,R,224630,333
00:34:01,1790181241,36,R,224765,333
00:34:02,1790181242,36,R,224899,333
00:34:03,1790181243,36,R,225034,333
00:34:04,1790181244,36,R,225168,333
00:34:05,1790181245,36,R,225303,333
00:34:06,1790181246,36,R,225436,333
00:34:07,1790181247,36,R,225566,333
00:34:08,1790181248,36,R,225695,333
00:34:09,1790181249,36,R,225825,333
00:34:10,1790181250,36,R,225955,333
00:34:11,1790181251,36,R,226085,333
00:34:12,1790181252,36,R,226215,333
00:34:13,1790181253,36,R,226345,333
00:34:14,1790181254,36,R,226475,333
00:34:15,1790181255,36,R,226606,333
00:34:16,1790181256,36,R,226737,333
00:34:17,1790181257,36,R,226868,333
00:34:18,1790181258,36,R,227000,333
00:34:19,1790181259,36,R,227130,333
00:34:20,1790181260,36,R,227261,333
00:34:21,1790181261,36,R,227393,333
00:34:22,1790181262,36,R,227523,333
00:34:23,1790181263,36,R,227654,333
00:34:24,1790181264,36,R,227785,333
00:34:25,1790181265,36,R,227915,333
00:34:26,1790181266,36,R,228046,333
00:34:27,1790181267,36,R,228177,333
00:34:28,1790181268,36,R,228308,333
00:34:29,1790181269,36,R,228438,333
00:34:30,1790181270,36,R,228570,333
00:34:31,1790181271,36,R,228701,333
00:34:32,1790181272,36,R,228832,333
00:34:33,1790181273,36,R,228963,333
00:34:34,1790181274,36,R,229094,333
00:34:35,1790181275,36,R,229247,333
00:34:36,1790181276,36,R,229388,333
00:34:37,1790181277,36,R,229525,333
00:34:38,1790181278,36,R,229661,333
00:34:39,1790181279,36,R,229798,333
00:34:40,1790181280,36,R,229935,333
00:34:41,1790181281,36,R,230071,333
00:34:42,1790181282,36,R,230208,333
00:34:43,1790181283,36,R,230344,333
00:34:44,1790181284,36,R,230481,333
00:34:45,1790181285,36,R,230618,333
00:34:46,1790181286,36,R,230754,333
00:34:47,1790181287,36,R,230891,333
00:34:48,1790181288,36,R,231028,333
00:34:49,1790181289,36,R,231165,333
00:34:50,1790181290,36,R,231301,333
00:34:51,1790181291,36,R,231439,333
00:34:52,1790181292,36,R,231575,333
00:34:53,1790181293,36,R,231720,333
00:34:54,1790181294,36,R,231860,333
00:34:55,1790181295,36,R,231991,333
00:34:56,1790181296,36,R,232122,333
00:34:57,1790181297,36,R,232254,333
00:34:58,1790181298,36,R,232386,333
00:34:59,1790181299,36,R,232516,333
00:35:00,1790181300,36,R,232648,333
00:35:01,1790181301,36,R,232779,333
00:35:02,1790181302,36,R,232911,333
00:35:03,1790181303,36,R,233042,333
00:35:04,1790181304,36,R,233173,333
00:35:05,1790181305,36,R,233305,333
00:35:06,1790181306,36,R,233436,333
00:35:07,1790181307,36,R,233568,333
00:35:08,1790181308,36,R,233699,333
00:35:09,1790181309,36,R,233830,333
00:35:10,1790181310,36,R,233961,333
00:35:11,1790181311,36,R,234092,333
00:35:12,1790181312,36,R,234222,333
00:35:13,1790181313,36,R,234354,333
00:35:14,1790181314,36,R,234484,333
00:35:15,1790181315,36,R,234616,333
00:35:16,1790181316,36,R,234747,333
00:35:17,1790181317,36,R,234878,333
00:35:18,1790181318,36,R,235009,333
00:35:19,1790181319,36,R,235140,333
00:35:20,1790181320,36,R,235271,333
00:35:21,1790181321,36,R,235402,333
00:35:22,1790181322,36,R,235533,333
00:35:23,1790181323,36,R,235664,333
00:35:24,1790181324,36,R,235795,333
00:35:25,1790181325,36,R,235926,333
00:35:26,1790181326,36,R,236057,333
00:35:27,1790181327,36,R,236188,333
00:35:28,1790181328,36,R,236319,333
00:35:29,1790181329,36,R,236449,333
00:35:30,1790181330,36,R,236581,333
00:35:31,1790181331,36,R,236712,333
00:35:32,1790181332,36,R,236844,333
00:35:33,1790181333,36,R,236974,333
00:35:34,1790181334,36,R,237105,333
00:35:35,1790181335,36,R,237236,333
00:35:36,1790181336,36,R,237367,333
00:35:37,1790181337,36,R,237500,333
00:35:38,1790181338,36,R,237630,333
00:35:39,1790181339,36,R,237763,333
00:35:40,1790181340,36,S,237806,333
00:35:41,1790181341,36,S,237831,333
00:35:42,1790181342,36,S,237860,333
00:35:43,1790181343,36,S,237888,333
00:35:44,1790181344,36,S,237915,333
00:35:45,1790181345,36,S,237940,333
00:35:46,1790181346,36,S,237965,333
00:35:47,1790181347,36,S,237989,333
00:35:48,1790181348,36,S,238012,333
00:35:49,1790181349,36,S,238036,333
00:35:50,1790181350,36,S,238060,333
00:35:51,1790181351,36,S,238083,333
00:35:52,1790181352,36,S,238108,333
00:35:53,1790181353,36,S,238131,333
00:35:54,1790181354,36,S,238156,333
00:35:55,1790181355,36,S,238180,333
00:35:56,1790181356,36,S,238205,333
00:35:57,1790181357,36,S,238230,333
00:35:58,1790181358,36,S,238255,333
00:35:59,1790181359,36,S,238279,333
00:36:00,1790181360,36,S,238304,333
00:36:01,1790181361,36,S,238332,333
00:36:02,1790181362,36,S,238357,333
00:36:03,1790181363,36,S,238382,333
00:36:04,1790181364,36,S,238408,333
00:36:05,1790181365,36,S,238434,333
00:36:06,1790181366,36,S,238459,333
00:36:07,1790181367,36,S,238485,333
00:36:08,1790181368,36,S,238512,333
00:36:09,1790181369,36,S,238536,333
00:36:10,1790181370,36,S,238563,333
00:36:11,1790181371,36,S,238588,333
00:36:12,1790181372,36,S,238613,333
00:36:13,1790181373,36,S,238638,333
00:36:14,1790181374,36,S,238663,333
00:36:15,1790181375,36,S,238689,333
00:36:16,1790181376,36,S,238714,333
00:36:17,1790181377,36,S,238739,333
00:36:18,1790181378,36,S,238764,333
00:36:19,1790181379,36,S,238789,333
00:36:20,1790181380,36,S,238814,333
00:36:21,1790181381,36,S,238840,333
00:36:22,1790181382,36,S,238866,333
00:36:23,1790181383,36,S,238891,333
00:36:24,1790181384,36,S,238916,333
00:36:25,1790181385,36,S,238941,333
00:36:26,1790181386,36,S,238966,333
00:36:27,1790181387,36,S,238992,333
00:36:28,1790181388,36,S,239016,333
00:36:29,1790181389,36,S,239042,333
00:36:30,1790181390,36,S,239065,333
00:36:31,1790181391,36,S,239090,333
00:36:32,1790181392,36,S,239118,333
00:36:33,1790181393,36,S,239143,333
00:36:34,1790181394,36,S,239169,333
00:36:35,1790181395,36,S,239195,333
00:36:36,1790181396,36,S,239219,333
00:36:37,1790181397,36,S,239244,333
00:36:38,1790181398,36,S,239269,333
00:36:39,1790181399,36,S,239293,333
00:36:40,1790181400,36,S,239318,333
00:36:41,1790181401,36,S,239344,333
00:36:42,1790181402,36,S,239368,333
00:36:43,1790181403,36,S,239394,333
00:36:44,1790181404,36,R,239553,333
00:36:45,1790181405,36,R,239744,333
00:36:46,1790181406,36,R,239935,333
00:36:47,1790181407,36,R,240125,333
00:36:48,1790181408,36,R,240315,333
00:36:49,1790181409,36,R,240503,333
00:36:50,1790181410,36,R,240691,333
00:36:51,1790181411,36,R,240878,333
00:36:52,1790181412,36,R,241063,333
00:36:53,1790181413,36,R,241247,333
00:36:54,1790181414,36,R,241422,333
00:36:55,1790181415,36,R,241579,333
00:36:56,1790181416,36,R,241717,333
00:36:57,1790181417,36,R,241854,333
00:36:58,1790181418,36,R,241991,333
00:36:59,1790181419,36,R,242128,333
00:37:00,1790181420,36,R,242266,333
00:37:01,1790181421,36,S,242311,333
00:37:02,1790181422,36,S,242349,333
00:37:03,1790181423,36,R,242388,333
00:37:04,1790181424,36,R,242426,333
00:37:05,1790181425,36,S,242469,333
00:37:06,1790181426,36,S,242506,333
00:37:07,1790181427,36,S,242543,333
00:37:08,1790181428,36,S,242579,333
00:37:09,1790181429,36,S,242617,333
00:37:10,1790181430,36,S,242651,333
00:37:11,1790181431,36,S,242685,333
00:37:12,1790181432,36,S,242719,333
00:37:13,1790181433,36,S,242753,333
00:37:14,1790181434,36,S,242787,333
00:37:15,1790181435,36,S,242822,333
00:37:16,1790181436,36,S,242856,333
00:37:17,1790181437,36,S,242891,333
00:37:18,1790181438,36,S,242926,333
00:37:19,1790181439,36,S,242960,333
00:37:20,1790181440,36,R,243028,333
00:37:21,1790181441,36,R,243159,333
00:37:22,1790181442,36,R,243290,333
00:37:23,1790181443,36,R,243421,333
00:37:24,1790181444,36,R,243552,333
00:37:25,1790181445,36,R,243683,333
00:37:26,1790181446,36,R,243813,333
00:37:27,1790181447,36,R,243945,333
00:37:28,1790181448,36,R,244075,333
00:37:29,1790181449,36,R,244206,333
00:37:30,1790181450,36,R,244337,333
00:37:31,1790181451,36,R,244468,333
00:37:32,1790181452,36,R,244598,333
00:37:33,1790181453,36,R,244730,333
00:37:34,1790181454,36,R,244862,333
00:37:35,1790181455,36,R,244993,333
00:37:36,1790181456,36,R,245123,333
00:37:37,1790181457,36,R,245254,333
00:37:38,1790181458,36,R,245385,333
00:37:39,1790181459,36,R,245516,333
00:37:40,1790181460,36,R,245646,333
00:37:41,1790181461,36,R,245777,333
00:37:42,1790181462,36,R,245908,333
00:37:43,1790181463,36,R,246039,333
00:37:44,1790181464,36,R,246169,333
00:37:45,1790181465,36,R,246301,333
00:37:46,1790181466,36,R,246431,333
00:37:47,1790181467,36,R,246562,333
00:37:48,1790181468,36,R,246693,333
00:37:49,1790181469,36,R,246824,333
00:37:50,1790181470,36,R,246955,333
00:37:51,1790181471,36,R,247086,333
00:37:52,1790181472,36,R,247216,333
00:37:53,1790181473,36,R,247348,333
00:37:54,1790181474,36,R,247478,333
00:37:55,1790181475,36,R,247608,333
00:37:56,1790181476,36,R,247739,333
00:37:57,1790181477,36,R,247870,333
00:37:58,1790181478,36,R,248000,333
00:37:59,1790181479,36,R,248131,333
00:38:00,1790181480,36,R,248261,333
00:38:01,1790181481,36,R,248392,333
00:38:02,1790181482,36,R,248524,333
00:38:03,1790181483,36,R,248680,333
00:38:04,1790181484,36,R,248816,333
00:38:05,1790181485,36,R,248952,333
00:38:06,1790181486,36,R,249103,333
00:38:07,1790181487,36,R,249242,333
00:38:08,1790181488,36,R,249379,333
00:38:09,1790181489,36,R,249515,333
00:38:10,1790181490,36,R,249651,333
00:38:11,1790181491,36,R,249787,333
00:38:12,1790181492,36,R,249924,333
00:38:13,1790181493,36,R,250061,333
00:38:14,1790181494,36,R,250197,333
00:38:15,1790181495,36,R,250334,333
00:38:16,1790181496,36,R,250470,333
00:38:17,1790181497,36,R,250606,333
00:38:18,1790181498,36,R,250743,333
00:38:19,1790181499,36,R,250879,333
00:38:20,1790181500,36,R,251016,333
00:38:21,1790181501,36,R,251152,333
00:38:22,1790181502,36,R,251282,333
00:38:23,1790181503,36,R,251413,333
00:38:24,1790181504,36,R,251543,333
00:38:25,1790181505,36,S,251674,333
00:38:26,1790181506,36,R,251804,333
00:38:27,1790181507,36,R,251936,333
00:38:28,1790181508,36,R,252066,333
00:38:29,1790181509,36,R,252197,333
00:38:30,1790181510,36,R,252327,333
00:38:31,1790181511,36,R,252458,333
00:38:32,1790181512,36,R,252588,333
00:38:33,1790181513,36,R,252718,333
00:38:34,1790181514,36,R,252849,333
00:38:35,1790181515,36,R,252979,333
00:38:36,1790181516,36,R,253109,333
00:38:37,1790181517,36,R,253239,333
00:38:38,1790181518,36,R,253370,333
00:38:39,1790181519,36,R,253500,333
00:38:40,1790181520,36,R,253631,333
00:38:41,1790181521,36,R,253761,333
00:38:42,1790181522,36,R,253892,333
00:38:43,1790181523,36,R,254022,333
00:38:44,1790181524,36,R,254153,333
00:38:45,1790181525,36,R,254283,333
00:38:46,1790181526,36,R,254414,333
00:38:47,1790181527,36,R,254544,333
00:38:48,1790181528,36,R,254675,333
00:38:49,1790181529,36,R,254805,333
00:38:50,1790181530,36,R,254936,333
00:38:51,1790181531,36,R,255066,333
00:38:52,1790181532,36,R,255197,333
00:38:53,1790181533,36,R,255327,333
00:38:54,1790181534,36,R,255458,333
00:38:55,1790181535,36,R,255589,333
00:38:56,1790181536,36,R,255719,333
00:38:57,1790181537,36,R,255850,333
00:38:58,1790181538,36,R,255983,333
00:38:59,1790181539,36,R,256115,333
00:39:00,1790181540,36,R,256245,333
00:39:01,1790181541,36,R,256376,333
00:39:02,1790181542,36,R,256506,333
00:39:03,1790181543,36,R,256636,333
00:39:04,1790181544,36,R,256792,333
00:39:05,1790181545,36,R,256929,333
00:39:06,1790181546,36,R,257066,333
00:39:07,1790181547,36,R,257202,333
00:39:08,1790181548,36,R,257337,333
00:39:09,1790181549,36,R,257474,333
00:39:10,1790181550,36,R,257610,333
00:39:11,1790181551,36,R,257747,333
00:39:12,1790181552,36,R,257883,333
00:39:13,1790181553,36,R,258019,333
00:39:14,1790181554,36,R,258156,333
00:39:15,1790181555,36,R,258291,333
00:39:16,1790181556,36,R,258428,333
00:39:17,1790181557,36,R,258564,333
00:39:18,1790181558,36,R,258700,333
00:39:19,1790181559,36,R,258837,333
00:39:20,1790181560,36,R,258973,333
00:39:21,1790181561,36,R,259110,333
00:39:22,1790181562,36,R,259246,333
00:39:23,1790181563,36,R,259378,333
00:39:24,1790181564,36,R,259508,333
00:39:25,1790181565,36,R,259639,333
00:39:26,1790181566,36,R,259770,333
00:39:27,1790181567,36,R,259900,333
00:39:28,1790181568,36,R,260032,333
00:39:29,1790181569,36,R,260162,333
00:39:30,1790181570,36,R,260293,333
00:39:31,1790181571,36,R,260424,333
00:39:32,1790181572,36,R,260554,333
00:39:33,1790181573,36,R,260686,333
00:39:34,1790181574,36,R,260817,333
00:39:35,1790181575,36,R,260948,333
00:39:36,1790181576,36,R,261079,333
00:39:37,1790181577,36,R,261210,333
00:39:38,1790181578,36,R,261339,333
00:39:39,1790181579,36,R,261471,333
00:39:40,1790181580,36,R,261602,333
00:39:41,1790181581,36,R,261733,333
00:39:42,1790181582,36,R,261863,333
00:39:43,1790181583,36,R,261994,333
00:39:44,1790181584,36,R,262125,333
00:39:45,1790181585,36,R,262257,333
00:39:46,1790181586,36,R,262387,333
00:39:47,1790181587,36,R,262518,333
00:39:48,1790181588,36,R,262649,333
00:39:49,1790181589,36,R,262780,333
00:39:50,1790181590,36,R,262910,333
00:39:51,1790181591,36,R,263042,333
00:39:52,1790181592,36,R,263172,333
00:39:53,1790181593,36,R,263303,333
00:39:54,1790181594,36,R,263435,333
00:39:55,1790181595,36,R,263565,333
00:39:56,1790181596,36,R,263696,333
00:39:57,1790181597,36,R,263827,333
00:39:58,1790181598,36,R,263958,333
00:39:59,1790181599,36,R,264088,333
00:40:00,1790181600,36,R,264219,333
00:40:01,1790181601,36,R,264350,333
00:40:02,1790181602,36,R,264480,333
00:40:03,1790181603,36,R,264611,333
00:40:04,1790181604,36,R,264742,333
00:40:05,1790181605,36,R,264896,333
00:40:06,1790181606,36,R,265035,333
00:40:07,1790181607,36,R,265171,333
00:40:08,1790181608,36,R,265308,333
00:40:09,1790181609,36,R,265443,333
00:40:10,1790181610,36,R,265579,333
00:40:11,1790181611,36,R,265715,333
00:40:12,1790181612,36,R,265852,333
00:40:13,1790181613,36,R,265989,333
00:40:14,1790181614,36,R,266125,333
00:40:15,1790181615,36,R,266261,333
00:40:16,1790181616,36,R,266397,333
00:40:17,1790181617,36,R,266533,333
00:40:18,1790181618,36,R,266670,333
00:40:19,1790181619,36,R,266806,333
00:40:20,1790181620,36,R,266942,333
00:40:21,1790181621,36,R,267079,333
00:40:22,1790181622,36,R,267215,333
00:40:23,1790181623,36,R,267362,333
00:40:24,1790181624,36,R,267498,333
00:40:25,1790181625,36,R,267628,333
00:40:26,1790181626,36,R,267759,333
00:40:27,1790181627,36,R,267889,333
00:40:28,1790181628,36,R,268020,333
00:40:29,1790181629,36,R,268150,333
00:40:30,1790181630,36,R,268280,333
00:40:31,1790181631,36,R,268410,333
00:40:32,1790181632,36,R,268540,333
00:40:33,1790181633,36,R,268671,333
00:40:34,1790181634,36,R,268801,333
00:40:35,1790181635,36,R,268932,333
00:40:36,1790181636,36,R,269062,333
00:40:37,1790181637,36,R,269192,333
00:40:38,1790181638,36,R,269323,333
00:40:39,1790181639,36,R,269453,333
00:40:40,1790181640,36,R,269585,333
00:40:41,1790181641,36,R,269715,333
00:40:42,1790181642,36,R,269845,333
00:40:43,1790181643,36,R,269976,333
00:40:44,1790181644,36,R,270107,333
00:40:45,1790181645,36,R,270238,333
00:40:46,1790181646,36,R,270368,333
00:40:47,1790181647,36,R,270499,333
00:40:48,1790181648,36,R,270629,333
00:40:49,1790181649,36,R,270760,333
00:40:50,1790181650,36,R,270891,333
00:40:51,1790181651,36,R,271021,333
00:40:52,1790181652,36,R,271154,333
00:40:53,1790181653,36,R,271284,333
00:40:54,1790181654,36,R,271415,333
00:40:55,1790181655,36,R,271547,333
00:40:56,1790181656,36,R,271678,333
00:40:57,1790181657,36,R,271811,333
00:40:58,1790181658,36,R,271943,333
00:40:59,1790181659,36,R,272072,333
00:41:00,1790181660,36,R,272202,333
00:41:01,1790181661,36,R,272333,333
00:41:02,1790181662,36,R,272464,333
00:41:03,1790181663,36,R,272594,333
00:41:04,1790181664,36,R,272725,333
00:41:05,1790181665,36,R,272855,333
00:41:06,1790181666,36,R,272985,333
00:41:07,1790181667,36,R,273116,333
00:41:08,1790181668,36,R,273247,333
00:41:09,1790181669,36,R,273379,333
00:41:10,1790181670,36,S,273408,333
00:41:11,1790181671,36,S,273434,333
00:41:12,1790181672,36,S,273464,333
00:41:13,1790181673,36,S,273491,333
00:41:14,1790181674,36,S,273516,333
00:41:15,1790181675,36,S,273540,333
00:41:16,1790181676,36,S,273564,333
00:41:17,1790181677,36,S,273589,333
00:41:18,1790181678,36,S,273613,333
00:41:19,1790181679,36,S,273637,333
00:41:20,1790181680,36,S,273661,333
00:41:21,1790181681,36,S,273685,333
00:41:22,1790181682,36,S,273711,333
00:41:23,1790181683,36,S,273735,333
00:41:24,1790181684,36,S,273760,333
00:41:25,1790181685,36,S,273784,333
00:41:26,1790181686,36,S,273811,333
00:41:27,1790181687,36,S,273836,333
00:41:28,1790181688,36,S,273860,333
00:41:29,1790181689,36,S,273886,333
00:41:30,1790181690,36,S,273911,333
00:41:31,1790181691,36,S,273936,333
00:41:32,1790181692,36,S,273961,333
00:41:33,1790181693,36,S,273987,333
00:41:34,1790181694,36,S,274011,333
00:41:35,1790181695,36,S,274036,333
00:41:36,1790181696,36,S,274061,333
00:41:37,1790181697,36,S,274086,333
00:41:38,1790181698,36,S,274110,333
00:41:39,1790181699,36,S,274137,333
00:41:40,1790181700,36,S,274161,333
00:41:41,1790181701,36,S,274186,333
00:41:42,1790181702,36,S,274211,333
00:41:43,1790181703,36,S,274235,333
00:41:44,1790181704,36,S,274260,333
00:41:45,1790181705,36,S,274284,333
00:41:46,1790181706,36,S,274310,333
00:41:47,1790181707,36,S,274334,333
00:41:48,1790181708,36,S,274359,333
00:41:49,1790181709,36,S,274384,333
00:41:50,1790181710,36,S,274408,333
00:41:51,1790181711,36,S,274434,333
00:41:52,1790181712,36,S,274458,333
00:41:53,1790181713,36,S,274483,333
00:41:54,1790181714,36,S,274508,333
00:41:55,1790181715,36,S,274533,333
00:41:56,1790181716,36,S,274557,333
00:41:57,1790181717,36,S,274581,333
00:41:58,1790181718,36,S,274606,333
00:41:59,1790181719,36,S,274632,333
00:42:00,1790181720,36,S,274656,333
00:42:01,1790181721,36,S,274679,333
00:42:02,1790181722,36,S,274704,333
00:42:03,1790181723,36,S,274729,333
00:42:04,1790181724,36,S,274753,333
00:42:05,1790181725,36,S,274778,333
00:42:06,1790181726,36,S,274804,333
00:42:07,1790181727,36,S,274829,333
00:42:08,1790181728,36,S,274856,333
00:42:09,1790181729,36,S,274882,333
00:42:10,1790181730,36,S,274908,333
00:42:11,1790181731,36,S,274934,333
00:42:12,1790181732,36,S,274960,333
00:42:13,1790181733,36,S,274986,333
00:42:14,1790181734,36,R,275163,333
00:42:15,1790181735,36,R,275356,333
00:42:16,1790181736,36,R,275547,333
00:42:17,1790181737,36,R,275739,333
00:42:18,1790181738,36,R,275929,333
00:42:19,1790181739,36,R,276118,333
00:42:20,1790181740,36,R,276308,333
00:42:21,1790181741,36,R,276497,333
00:42:22,1790181742,36,R,276684,333
00:42:23,1790181743,36,R,276869,333
00:42:24,1790181744,36,R,277050,333
00:42:25,1790181745,36,R,277217,333
00:42:26,1790181746,36,R,277362,333
00:42:27,1790181747,36,R,277500,333
00:42:28,1790181748,36,R,277637,333
00:42:29,1790181749,36,R,277775,333
00:42:30,1790181750,36,R,277913,333
00:42:31,1790181751,36,R,278047,333
00:42:32,1790181752,36,R,278178,333
00:42:33,1790181753,36,R,278310,333
00:42:34,1790181754,36,R,278441,333
00:42:35,1790181755,36,R,278573,333
00:42:36,1790181756,36,R,278704,333
00:42:37,1790181757,36,R,278835,333
00:42:38,1790181758,36,R,278967,333
00:42:39,1790181759,36,R,279099,333
00:42:40,1790181760,36,R,279229,333
00:42:41,1790181761,36,R,279360,333
00:42:42,1790181762,36,R,279492,333
00:42:43,1790181763,36,R,279623,333
00:42:44,1790181764,36,R,279753,333
00:42:45,1790181765,36,R,279884,333
00:42:46,1790181766,36,R,280015,333
00:42:47,1790181767,36,R,280146,333
00:42:48,1790181768,36,R,280277,333
00:42:49,1790181769,36,R,280409,333
00:42:50,1790181770,36,R,280540,333
00:42:51,1790181771,36,R,280672,333
00:42:52,1790181772,36,R,280802,333
00:42:53,1790181773,36,R,280932,333
00:42:54,1790181774,36,R,281064,333
00:42:55,1790181775,36,R,281194,333
00:42:56,1790181776,36,R,281325,333
00:42:57,1790181777,36,R,281457,333
00:42:58,1790181778,36,R,281587,333
00:42:59,1790181779,36,R,281719,333
00:43:00,1790181780,36,R,281849,333
00:43:01,1790181781,36,R,281979,333
00:43:02,1790181782,36,R,282110,333
00:43:03,1790181783,36,R,282242,333
00:43:04,1790181784,36,R,282373,333
00:43:05,1790181785,36,R,282504,333
00:43:06,1790181786,36,R,282635,333
00:43:07,1790181787,36,R,282767,333
00:43:08,1790181788,36,R,282898,333
00:43:09,1790181789,36,R,283029,333
00:43:10,1790181790,36,R,283159,333
00:43:11,1790181791,36,R,283290,333
00:43:12,1790181792,36,R,283421,333
00:43:13,1790181793,36,R,283568,333
00:43:14,1790181794,36,R,283713,333
00:43:15,1790181795,36,R,283850,333
00:43:16,1790181796,36,R,283989,333
00:43:17,1790181797,36,R,284140,333
00:43:18,1790181798,36,R,284276,333
00:43:19,1790181799,36,R,284414,333
00:43:20,1790181800,36,R,284550,333
00:43:21,1790181801,36,R,284687,333
00:43:22,1790181802,36,R,284824,333
00:43:23,1790181803,36,R,284959,333
00:43:24,1790181804,36,R,285096,333
00:43:25,1790181805,36,R,285233,333
00:43:26,1790181806,36,R,285371,333
00:43:27,1790181807,36,R,285507,333
00:43:28,1790181808,36,R,285644,333
00:43:29,1790181809,36,R,285780,333
00:43:30,1790181810,36,R,285918,333
00:43:31,1790181811,36,R,286054,333
00:43:32,1790181812,36,R,286187,333
00:43:33,1790181813,36,R,286317,333
00:43:34,1790181814,36,R,286448,333
00:43:35,1790181815,36,R,286579,333
00:43:36,1790181816,36,R,286710,333
00:43:37,1790181817,36,R,286842,333
00:43:38,1790181818,36,R,286972,333
00:43:39,1790181819,36,R,287104,333
00:43:40,1790181820,36,R,287235,333
00:43:41,1790181821,36,R,287366,333
00:43:42,1790181822,36,R,287496,333
00:43:43,1790181823,36,R,287626,333
00:43:44,1790181824,36,R,287758,333
00:43:45,1790181825,36,R,287888,333
00:43:46,1790181826,36,R,288018,333
00:43:47,1790181827,36,R,288149,333
00:43:48,1790181828,36,R,288280,333
00:43:49,1790181829,36,R,288410,333
00:43:50,1790181830,36,R,288540,333
00:43:51,1790181831,36,R,288671,333
00:43:52,1790181832,36,R,288802,333
00:43:53,1790181833,36,R,288932,333
00:43:54,1790181834,36,R,289063,333
00:43:55,1790181835,36,R,289194,333
00:43:56,1790181836,36,R,289325,333
00:43:57,1790181837,36,R,289456,333
00:43:58,1790181838,36,R,289586,333
00:43:59,1790181839,36,R,289716,333
00:44:00,1790181840,36,R,289848,333
00:44:01,1790181841,36,R,289979,333
00:44:02,1790181842,36,R,290109,333
00:44:03,1790181843,36,R,290241,333
00:44:04,1790181844,36,R,290371,333
00:44:05,1790181845,36,R,290502,333
00:44:06,1790181846,36,R,290632,333
00:44:07,1790181847,36,R,290763,333
00:44:08,1790181848,36,R,290893,333
00:44:09,1790181849,36,R,291023,333
00:44:10,1790181850,36,R,291154,333
00:44:11,1790181851,36,R,291285,333
00:44:12,1790181852,36,R,291415,333
00:44:13,1790181853,36,R,291545,333
00:44:14,1790181854,36,R,291692,333
00:44:15,1790181855,36,R,291838,333
00:44:16,1790181856,36,R,291975,333
00:44:17,1790181857,36,R,292112,333
00:44:18,1790181858,36,R,292248,333
00:44:19,1790181859,36,R,292386,333
00:44:20,1790181860,36,R,292521,333
00:44:21,1790181861,36,R,292658,333
00:44:22,1790181862,36,R,292794,333
00:44:23,1790181863,36,R,292931,333
00:44:24,1790181864,36,R,293068,333
00:44:25,1790181865,36,R,293205,333
00:44:26,1790181866,36,R,293341,333
00:44:27,1790181867,36,R,293478,333
00:44:28,1790181868,36,R,293615,333
00:44:29,1790181869,36,R,293751,333
00:44:30,1790181870,36,R,293888,333
00:44:31,1790181871,36,R,294025,333
00:44:32,1790181872,36,R,294161,333
00:44:33,1790181873,36,R,294296,333
00:44:34,1790181874,36,R,294426,333
00:44:35,1790181875,36,R,294557,333
00:44:36,1790181876,36,R,294687,333
00:44:37,1790181877,36,R,294818,333
00:44:38,1790181878,36,R,294948,333
00:44:39,1790181879,36,R,295079,333
00:44:40,1790181880,36,R,295209,333
00:44:41,1790181881,36,R,295339,333
00:44:42,1790181882,36,R,295471,333
00:44:43,1790181883,36,R,295601,333
00:44:44,1790181884,36,R,295731,333
00:44:45,1790181885,36,R,295862,333
00:44:46,1790181886,36,R,295993,333
00:44:47,1790181887,36,R,296123,333
00:44:48,1790181888,36,R,296254,333
00:44:49,1790181889,36,R,296385,333
00:44:50,1790181890,36,R,296516,333
00:44:51,1790181891,36,R,296647,333
00:44:52,1790181892,36,R,296779,333
00:44:53,1790181893,36,R,296910,333
00:44:54,1790181894,36,R,297039,333
00:44:55,1790181895,36,R,297169,333
00:44:56,1790181896,36,R,297301,333
00:44:57,1790181897,36,R,297433,333
00:44:58,1790181898,36,R,297563,333
00:44:59,1790181899,36,R,297694,333
00:45:00,1790181900,36,R,297824,333
00:45:01,1790181901,36,R,297956,333
00:45:02,1790181902,36,R,298086,333
00:45:03,1790181903,36,R,298218,333
00:45:04,1790181904,36,R,298349,333
00:45:05,1790181905,36,R,298480,333
00:45:06,1790181906,36,R,298611,333
00:45:07,1790181907,36,R,298741,333
00:45:08,1790181908,36,R,298871,333
00:45:09,1790181909,36,R,299002,333
00:45:10,1790181910,36,R,299132,333
00:45:11,1790181911,36,R,299264,333
00:45:12,1790181912,36,R,299393,333
00:45:13,1790181913,36,R,299524,333
00:45:14,1790181914,36,R,299655,333
00:45:15,1790181915,36,R,299796,333
00:45:16,1790181916,36,R,299943,333
00:45:17,1790181917,36,R,300080,333
00:45:18,1790181918,36,R,300216,333
00:45:19,1790181919,36,R,300352,333
00:45:20,1790181920,36,R,300488,333
00:45:21,1790181921,36,R,300624,333
00:45:22,1790181922,36,R,300760,333
00:45:23,1790181923,36,R,300896,333
00:45:24,1790181924,36,R,301033,333
00:45:25,1790181925,36,R,301169,333
00:45:26,1790181926,36,R,301306,333
00:45:27,1790181927,36,R,301442,333
00:45:28,1790181928,36,R,301578,333
00:45:29,1790181929,36,R,301715,333
00:45:30,1790181930,36,R,301851,333
00:45:31,1790181931,36,R,301989,333
00:45:32,1790181932,36,R,302126,333
00:45:33,1790181933,36,R,302264,333
00:45:34,1790181934,36,R,302413,333
00:45:35,1790181935,36,R,302545,333
00:45:36,1790181936,36,R,302674,333
00:45:37,1790181937,36,R,302806,333
00:45:38,1790181938,36,R,302936,333
00:45:39,1790181939,36,R,303068,333
00:45:40,1790181940,36,R,303199,333
00:45:41,1790181941,36,R,303330,333
00:45:42,1790181942,36,R,303460,333
00:45:43,1790181943,36,R,303589,333
00:45:44,1790181944,36,R,303720,333
00:45:45,1790181945,36,R,303849,333
00:45:46,1790181946,36,R,303980,333
00:45:47,1790181947,36,R,304110,333
00:45:48,1790181948,36,R,304241,333
00:45:49,1790181949,36,R,304371,333
00:45:50,1790181950,36,R,304502,333
00:45:51,1790181951,36,R,304632,333
00:45:52,1790181952,36,R,304763,333
00:45:53,1790181953,36,R,304893,333
00:45:54,1790181954,36,R,305023,333
00:45:55,1790181955,36,R,305154,333
00:45:56,1790181956,36,R,305285,333
00:45:57,1790181957,36,R,305416,333
00:45:58,1790181958,36,R,305546,333
00:45:59,1790181959,36,R,305677,333
00:46:00,1790181960,36,R,305807,333
00:46:01,1790181961,36,R,305938,333
00:46:02,1790181962,36,R,306069,333
00:46:03,1790181963,36,R,306200,333
00:46:04,1790181964,36,R,306330,333
00:46:05,1790181965,36,R,306462,333
00:46:06,1790181966,36,R,306592,333
00:46:07,1790181967,36,R,306722,333
00:46:08,1790181968,36,R,306853,333
00:46:09,1790181969,36,R,306983,333
00:46:10,1790181970,36,R,307114,333
00:46:11,1790181971,36,R,307245,333
00:46:12,1790181972,36,R,307375,333
00:46:13,1790181973,36,R,307506,333
00:46:14,1790181974,36,R,307636,333
00:46:15,1790181975,36,R,307768,333
00:46:16,1790181976,36,R,307903,333
00:46:17,1790181977,36,R,308041,333
00:46:18,1790181978,36,R,308180,333
00:46:19,1790181979,36,R,308320,333
00:46:20,1790181980,36,S,308407,333
00:46:21,1790181981,36,S,308437,333
00:46:22,1790181982,36,S,308472,333
00:46:23,1790181983,36,S,308504,333
00:46:24,1790181984,36,S,308536,333
00:46:25,1790181985,36,S,308566,333
00:46:26,1790181986,36,S,308597,333
00:46:27,1790181987,36,S,308627,333
00:46:28,1790181988,36,S,308658,333
00:46:29,1790181989,36,S,308687,333
00:46:30,1790181990,36,S,308717,333
00:46:31,1790181991,36,S,308748,333
00:46:32,1790181992,36,S,308778,333
00:46:33,1790181993,36,S,308809,333
00:46:34,1790181994,36,S,308840,333
00:46:35,1790181995,36,S,308871,333
00:46:36,1790181996,36,S,308901,333
00:46:37,1790181997,36,S,308931,333
00:46:38,1790181998,36,S,308961,333
