ts,epoch,gpu_util,apiserver_state,apiserver_jiff,apiserver_thr,engine_state,engine_jiff,engine_thr
23:57:50,1790179070,36,S,4323,149,S,11515,333
23:57:51,1790179071,36,S,4323,149,S,11540,333
23:57:52,1790179072,36,S,4323,149,S,11567,333
23:57:53,1790179073,36,S,4323,149,S,11593,333
23:57:54,1790179074,36,S,4323,149,S,11618,333
23:57:55,1790179075,36,S,4323,149,S,11645,333
23:57:56,1790179076,36,S,4323,149,S,11672,333
23:57:57,1790179077,36,S,4323,149,S,11698,333
23:57:58,1790179078,36,S,4323,149,S,11724,333
23:57:59,1790179079,36,S,4323,149,S,11751,333
23:58:00,1790179080,36,S,4323,149,S,11777,333
23:58:01,1790179081,36,S,4324,149,S,11804,333
23:58:02,1790179082,36,S,4324,149,S,11831,333
23:58:03,1790179083,36,S,4324,149,S,11858,333
23:58:04,1790179084,36,S,4324,149,S,11885,333
23:58:05,1790179085,36,S,4324,149,S,11912,333
23:58:06,1790179086,36,S,4324,149,S,11938,333
23:58:07,1790179087,36,S,4324,149,S,11965,333
23:58:08,1790179088,36,S,4324,149,S,11990,333
23:58:09,1790179089,36,S,4324,149,S,12016,333
23:58:10,1790179090,36,S,4324,149,S,12043,333
23:58:11,1790179091,36,S,4324,149,S,12069,333
23:58:12,1790179092,36,S,4324,149,S,12094,333
23:58:13,1790179093,36,S,4324,149,S,12120,333
23:58:14,1790179094,36,S,4324,149,S,12146,333
23:58:15,1790179095,36,S,4324,149,S,12172,333
23:58:16,1790179096,36,S,4324,149,S,12198,333
23:58:17,1790179097,36,S,4324,149,S,12225,333
23:58:18,1790179098,36,S,4324,149,S,12252,333
23:58:19,1790179099,36,S,4324,149,S,12277,333
23:58:20,1790179100,36,S,4324,149,S,12303,333
23:58:21,1790179101,36,S,4324,149,S,12328,333
23:58:22,1790179102,36,S,4324,149,S,12354,333
23:58:23,1790179103,36,S,4324,149,S,12380,333
23:58:24,1790179104,36,S,4324,149,S,12406,333
23:58:25,1790179105,36,S,4324,149,S,12429,333
23:58:26,1790179106,36,S,4324,149,S,12455,333
23:58:27,1790179107,36,S,4324,149,S,12482,333
23:58:28,1790179108,36,S,4324,149,S,12508,333
23:58:29,1790179109,36,S,4324,149,S,12534,333
23:58:30,1790179110,36,S,4324,149,S,12561,333
23:58:31,1790179111,36,S,4324,149,S,12587,333
23:58:32,1790179112,36,S,4324,149,S,12613,333
23:58:33,1790179113,36,S,4324,149,S,12640,333
23:58:34,1790179114,36,S,4325,149,S,12666,333
23:58:35,1790179115,36,S,4325,149,S,12692,333
23:58:36,1790179116,36,S,4325,149,S,12718,333
23:58:37,1790179117,36,R,4338,150,S,12744,333
23:58:38,1790179118,36,S,4396,150,S,12821,333
23:58:39,1790179119,36,S,4428,150,R,12938,333
23:58:40,1790179120,36,S,4430,150,R,13103,333
23:58:41,1790179121,36,S,4432,150,R,13283,333
23:58:42,1790179122,36,S,4434,150,R,13474,333
23:58:43,1790179123,36,S,4436,150,R,13648,333
23:58:44,1790179124,36,S,4437,150,R,13831,333
23:58:45,1790179125,36,S,4441,150,R,14020,333
23:58:46,1790179126,36,S,4443,150,R,14208,333
23:58:47,1790179127,36,S,4446,150,R,14391,333
23:58:48,1790179128,36,S,4448,150,R,14565,333
23:58:49,1790179129,36,S,4451,150,R,14747,333
23:58:50,1790179130,36,S,4454,150,R,14912,333
23:58:51,1790179131,36,S,4457,150,R,15053,333
23:58:52,1790179132,36,S,4460,150,R,15192,333
23:58:53,1790179133,36,S,4464,150,R,15331,333
23:58:54,1790179134,36,S,4466,150,R,15470,333
23:58:55,1790179135,36,S,4469,150,R,15606,333
23:58:56,1790179136,36,S,4472,150,R,15741,333
23:58:57,1790179137,36,S,4478,150,R,15869,333
23:58:58,1790179138,36,R,4484,150,R,16001,333
23:58:59,1790179139,36,S,4491,150,R,16134,333
23:59:00,1790179140,36,S,4498,150,R,16264,333
23:59:01,1790179141,36,S,4503,150,R,16395,333
23:59:02,1790179142,36,S,4509,150,R,16526,333
23:59:03,1790179143,36,R,4516,150,R,16656,333
23:59:04,1790179144,36,S,4522,150,R,16787,333
23:59:05,1790179145,36,S,4528,150,R,16918,333
23:59:06,1790179146,36,S,4534,150,R,17049,333
23:59:07,1790179147,36,S,4540,150,R,17180,333
23:59:08,1790179148,36,S,4546,150,R,17311,333
23:59:09,1790179149,36,S,4553,150,R,17442,333
23:59:10,1790179150,36,S,4559,150,R,17572,333
23:59:11,1790179151,36,R,4565,150,R,17703,333
23:59:12,1790179152,36,S,4571,150,R,17834,333
23:59:13,1790179153,36,S,4578,150,R,17965,333
23:59:14,1790179154,36,S,4585,150,R,18096,333
23:59:15,1790179155,36,S,4590,150,R,18226,333
23:59:16,1790179156,36,S,4596,150,R,18357,333
23:59:17,1790179157,36,S,4603,150,R,18488,333
23:59:18,1790179158,36,S,4609,150,R,18619,333
23:59:19,1790179159,36,S,4615,150,R,18750,333
23:59:20,1790179160,36,S,4621,150,R,18880,333
23:59:21,1790179161,36,S,4627,150,R,19011,333
23:59:22,1790179162,36,S,4633,150,R,19141,333
23:59:23,1790179163,36,S,4640,150,R,19272,333
23:59:24,1790179164,36,S,4646,150,R,19403,333
23:59:25,1790179165,36,S,4653,150,R,19534,333
23:59:26,1790179166,36,S,4659,150,R,19664,333
23:59:27,1790179167,36,S,4666,150,R,19795,333
23:59:28,1790179168,36,S,4672,150,R,19926,333
23:59:29,1790179169,36,S,4679,150,R,20057,333
23:59:30,1790179170,36,S,4685,150,R,20188,333
23:59:31,1790179171,36,S,4691,150,R,20318,333
23:59:32,1790179172,36,S,4697,150,R,20449,333
23:59:33,1790179173,36,S,4703,150,R,20581,333
23:59:34,1790179174,36,S,4709,150,R,20713,333
23:59:35,1790179175,36,S,4716,150,R,20844,333
23:59:36,1790179176,36,S,4722,150,R,20977,333
23:59:37,1790179177,36,S,4728,150,R,21106,333
23:59:38,1790179178,36,S,4735,150,R,21238,333
23:59:39,1790179179,36,S,4742,150,R,21375,333
23:59:40,1790179180,36,S,4753,150,R,21527,333
23:59:41,1790179181,36,S,4762,150,R,21663,333
23:59:42,1790179182,36,S,4770,150,R,21800,333
23:59:43,1790179183,36,S,4779,150,R,21936,333
23:59:44,1790179184,36,S,4788,150,R,22073,333
23:59:45,1790179185,36,S,4796,150,R,22209,333
23:59:46,1790179186,36,S,4806,150,R,22346,333
23:59:47,1790179187,36,S,4813,150,R,22481,333
23:59:48,1790179188,36,S,4822,150,R,22617,333
23:59:49,1790179189,36,S,4829,150,R,22753,333
23:59:50,1790179190,36,R,4837,150,R,22888,333
23:59:51,1790179191,36,S,4847,150,R,23025,333
23:59:52,1790179192,36,S,4855,150,R,23160,333
23:59:53,1790179193,36,S,4863,150,R,23297,333
23:59:54,1790179194,36,S,4873,150,R,23432,333
23:59:55,1790179195,36,S,4880,150,R,23569,333
23:59:56,1790179196,36,S,4889,150,R,23705,333
23:59:57,1790179197,36,S,4898,150,R,23841,333
23:59:58,1790179198,36,S,4901,150,R,23976,333
23:59:59,1790179199,36,S,4907,150,R,24107,333
00:00:00,1790179200,36,S,4913,150,R,24236,333
00:00:01,1790179201,36,S,4919,150,R,24367,333
00:00:02,1790179202,36,S,4925,150,R,24498,333
00:00:03,1790179203,36,S,4931,150,R,24629,333
00:00:04,1790179204,36,S,4938,150,R,24759,333
00:00:05,1790179205,36,S,4943,150,R,24890,333
00:00:06,1790179206,36,S,4950,150,R,25020,333
00:00:07,1790179207,36,S,4957,150,R,25151,333
00:00:08,1790179208,36,S,4962,150,R,25281,333
00:00:09,1790179209,36,S,4969,150,R,25412,333
00:00:10,1790179210,36,S,4974,150,R,25542,333
00:00:11,1790179211,36,S,4980,150,R,25674,333
00:00:12,1790179212,36,S,4987,150,R,25804,333
00:00:13,1790179213,36,R,4993,150,R,25934,333
00:00:14,1790179214,36,S,4999,150,R,26066,333
00:00:15,1790179215,36,S,5005,150,R,26196,333
00:00:16,1790179216,36,S,5011,150,R,26326,333
00:00:17,1790179217,36,S,5017,150,R,26457,333
00:00:18,1790179218,36,S,5023,150,R,26588,333
00:00:19,1790179219,36,S,5030,150,R,26718,333
00:00:20,1790179220,36,S,5036,150,R,26849,333
00:00:21,1790179221,36,S,5042,150,R,26980,333
00:00:22,1790179222,36,R,5047,150,R,27110,333
00:00:23,1790179223,36,S,5054,150,R,27240,333
00:00:24,1790179224,36,S,5059,150,R,27372,333
00:00:25,1790179225,36,S,5066,150,R,27502,333
00:00:26,1790179226,36,S,5072,150,R,27632,333
00:00:27,1790179227,36,S,5078,150,R,27763,333
00:00:28,1790179228,36,S,5084,150,R,27893,333
00:00:29,1790179229,36,S,5090,150,R,28023,333
00:00:30,1790179230,36,S,5097,150,R,28154,333
00:00:31,1790179231,36,S,5103,150,R,28284,333
00:00:32,1790179232,36,S,5109,150,R,28415,333
00:00:33,1790179233,36,S,5115,150,R,28545,333
00:00:34,1790179234,36,S,5121,150,R,28676,333
00:00:35,1790179235,36,S,5127,150,R,28806,333
00:00:36,1790179236,36,S,5133,150,R,28936,333
00:00:37,1790179237,36,S,5139,150,R,29066,333
00:00:38,1790179238,36,S,5145,150,R,29197,333
00:00:39,1790179239,36,S,5151,150,R,29328,333
00:00:40,1790179240,36,S,5158,150,R,29467,333
00:00:41,1790179241,36,S,5168,150,R,29613,333
00:00:42,1790179242,36,S,5177,150,R,29750,333
00:00:43,1790179243,36,S,5185,150,R,29886,333
00:00:44,1790179244,36,S,5195,150,R,30022,333
00:00:45,1790179245,36,R,5201,150,R,30158,333
00:00:46,1790179246,36,S,5211,150,R,30294,333
00:00:47,1790179247,36,S,5219,150,R,30431,333
00:00:48,1790179248,36,S,5228,150,R,30567,333
00:00:49,1790179249,36,S,5235,150,R,30703,333
00:00:50,1790179250,36,S,5243,150,R,30839,333
00:00:51,1790179251,36,S,5250,150,R,30974,333
00:00:52,1790179252,36,S,5261,150,R,31110,333
00:00:53,1790179253,36,S,5268,150,R,31245,333
00:00:54,1790179254,36,S,5276,150,R,31383,333
00:00:55,1790179255,36,S,5284,150,R,31520,333
00:00:56,1790179256,36,S,5293,150,R,31656,333
00:00:57,1790179257,36,S,5301,150,R,31791,333
00:00:58,1790179258,36,S,5310,150,R,31927,333
00:00:59,1790179259,36,S,5316,150,R,32063,333
00:01:00,1790179260,36,S,5322,150,R,32193,333
00:01:01,1790179261,36,S,5328,150,R,32323,333
00:01:02,1790179262,36,S,5334,150,R,32454,333
00:01:03,1790179263,36,S,5340,150,R,32584,333
00:01:04,1790179264,36,S,5346,150,R,32715,333
00:01:05,1790179265,36,S,5352,150,R,32845,333
00:01:06,1790179266,36,S,5359,150,R,32976,333
00:01:07,1790179267,36,S,5365,150,R,33106,333
00:01:08,1790179268,36,S,5371,150,R,33236,333
00:01:09,1790179269,36,S,5377,150,R,33367,333
00:01:10,1790179270,36,S,5384,150,R,33497,333
00:01:11,1790179271,36,S,5390,150,R,33628,333
00:01:12,1790179272,36,S,5396,150,R,33758,333
00:01:13,1790179273,36,S,5402,150,R,33889,333
00:01:14,1790179274,36,S,5409,150,R,34019,333
00:01:15,1790179275,36,S,5415,150,R,34150,333
00:01:16,1790179276,36,S,5422,150,R,34281,333
00:01:17,1790179277,36,S,5429,150,R,34413,333
00:01:18,1790179278,36,S,5435,150,R,34546,333
00:01:19,1790179279,36,R,5442,150,R,34679,333
00:01:20,1790179280,36,S,5448,150,R,34811,333
00:01:21,1790179281,36,S,5455,150,R,34944,333
00:01:22,1790179282,36,S,5462,150,R,35076,333
00:01:23,1790179283,36,S,5469,150,R,35209,333
00:01:24,1790179284,36,S,5476,150,R,35342,333
00:01:25,1790179285,36,S,5482,150,R,35474,333
00:01:26,1790179286,36,S,5489,150,R,35605,333
00:01:27,1790179287,36,S,5495,150,R,35737,333
00:01:28,1790179288,36,S,5502,150,R,35867,333
00:01:29,1790179289,36,S,5507,150,R,35997,333
00:01:30,1790179290,36,S,5514,150,R,36129,333
00:01:31,1790179291,36,S,5521,150,R,36261,333
00:01:32,1790179292,36,S,5526,150,R,36393,333
00:01:33,1790179293,36,S,5533,150,R,36524,333
00:01:34,1790179294,36,S,5539,150,R,36654,333
00:01:35,1790179295,36,R,5545,150,R,36786,333
00:01:36,1790179296,36,R,5552,150,R,36916,333
00:01:37,1790179297,36,S,5559,150,R,37046,333
00:01:38,1790179298,36,S,5565,150,R,37178,333
00:01:39,1790179299,36,R,5571,150,R,37310,333
00:01:40,1790179300,36,R,5577,150,R,37441,333
00:01:41,1790179301,36,S,5584,150,R,37572,333
00:01:42,1790179302,36,S,5595,150,R,37723,333
00:01:43,1790179303,36,S,5603,150,R,37861,333
00:01:44,1790179304,36,S,5610,150,R,37997,333
00:01:45,1790179305,36,S,5621,150,R,38133,333
00:01:46,1790179306,36,S,5629,150,R,38269,333
00:01:47,1790179307,36,S,5636,150,R,38406,333
00:01:48,1790179308,36,S,5644,150,R,38542,333
00:01:49,1790179309,36,S,5653,150,R,38678,333
00:01:50,1790179310,36,S,5662,150,R,38814,333
00:01:51,1790179311,36,S,5669,150,R,38950,333
00:01:52,1790179312,36,S,5678,150,R,39086,333
00:01:53,1790179313,36,S,5686,150,R,39222,333
00:01:54,1790179314,36,S,5694,150,R,39358,333
00:01:55,1790179315,36,S,5702,150,R,39494,333
00:01:56,1790179316,36,S,5710,150,R,39629,333
00:01:57,1790179317,36,S,5718,150,R,39766,333
00:01:58,1790179318,36,S,5725,150,R,39901,333
00:01:59,1790179319,36,S,5734,150,R,40037,333
00:02:00,1790179320,36,S,5743,150,R,40174,333
00:02:01,1790179321,36,S,5748,150,R,40316,333
00:02:02,1790179322,36,S,5754,150,R,40447,333
00:02:03,1790179323,36,S,5761,150,R,40579,333
00:02:04,1790179324,36,S,5767,150,R,40710,333
00:02:05,1790179325,36,S,5774,150,R,40840,333
00:02:06,1790179326,36,S,5779,150,R,40971,333
00:02:07,1790179327,36,S,5786,150,R,41102,333
00:02:08,1790179328,36,S,5792,150,R,41231,333
00:02:09,1790179329,36,S,5798,150,R,41362,333
00:02:10,1790179330,36,S,5805,150,R,41492,333
00:02:11,1790179331,36,S,5811,150,R,41624,333
00:02:12,1790179332,36,S,5817,150,R,41754,333
00:02:13,1790179333,36,S,5823,150,R,41885,333
00:02:14,1790179334,36,R,5829,150,R,42015,333
00:02:15,1790179335,36,S,5835,150,R,42146,333
00:02:16,1790179336,36,S,5842,150,R,42276,333
00:02:17,1790179337,36,S,5848,150,R,42407,333
00:02:18,1790179338,36,S,5854,150,R,42538,333
00:02:19,1790179339,36,S,5861,150,R,42670,333
00:02:20,1790179340,36,S,5867,150,R,42801,333
00:02:21,1790179341,36,S,5874,150,R,42932,333
00:02:22,1790179342,36,S,5881,150,R,43063,333
00:02:23,1790179343,36,S,5886,150,R,43193,333
00:02:24,1790179344,36,S,5892,150,R,43324,333
00:02:25,1790179345,36,R,5899,150,R,43454,333
00:02:26,1790179346,36,S,5906,150,R,43585,333
00:02:27,1790179347,36,S,5912,150,R,43715,333
00:02:28,1790179348,36,S,5918,150,R,43846,333
00:02:29,1790179349,36,S,5924,150,R,43977,333
00:02:30,1790179350,36,R,5931,150,R,44107,333
00:02:31,1790179351,36,S,5938,150,R,44238,333
00:02:32,1790179352,36,S,5944,150,R,44369,333
00:02:33,1790179353,36,S,5951,150,R,44499,333
00:02:34,1790179354,36,S,5957,150,R,44630,333
00:02:35,1790179355,36,S,5963,150,R,44760,333
00:02:36,1790179356,36,S,5970,150,R,44891,333
00:02:37,1790179357,36,S,5976,150,R,45022,333
00:02:38,1790179358,36,S,5982,150,R,45153,333
00:02:39,1790179359,36,S,5989,150,R,45284,333
00:02:40,1790179360,36,S,5996,150,R,45414,333
00:02:41,1790179361,36,S,6002,150,R,45545,333
00:02:42,1790179362,36,S,6009,150,R,45676,333
00:02:43,1790179363,36,S,6016,150,R,45804,333
00:02:44,1790179364,36,S,6023,150,R,45934,333
00:02:45,1790179365,36,S,6030,150,S,46063,333
00:02:46,1790179366,36,S,6037,150,R,46186,333
00:02:47,1790179367,36,S,6040,150,S,46252,333
00:02:48,1790179368,36,S,6040,150,S,46279,333
00:02:49,1790179369,36,S,6040,150,S,46308,333
00:02:50,1790179370,36,S,6040,150,S,46334,333
00:02:51,1790179371,36,S,6040,150,S,46361,333
00:02:52,1790179372,36,S,6040,150,S,46386,333
00:02:53,1790179373,36,S,6041,150,S,46412,333
00:02:54,1790179374,36,S,6041,150,S,46439,333
00:02:55,1790179375,36,S,6041,150,S,46463,333
00:02:56,1790179376,36,S,6041,150,S,46489,333
00:02:57,1790179377,36,S,6041,150,S,46515,333
00:02:58,1790179378,36,S,6041,150,S,46542,333
00:02:59,1790179379,36,S,6041,150,S,46567,333
00:03:00,1790179380,36,S,6041,150,S,46592,333
00:03:01,1790179381,36,S,6041,150,S,46616,333
00:03:02,1790179382,36,S,6041,150,S,46642,333
00:03:03,1790179383,36,S,6041,150,S,46667,333
00:03:04,1790179384,36,S,6041,150,S,46693,333
00:03:05,1790179385,36,S,6041,150,S,46717,333
00:03:06,1790179386,36,S,6041,150,S,46742,333
00:03:07,1790179387,36,S,6041,150,S,46767,333
00:03:08,1790179388,36,S,6041,150,S,46795,333
00:03:09,1790179389,36,S,6041,150,S,46822,333
00:03:10,1790179390,36,S,6041,150,S,46849,333
00:03:11,1790179391,36,S,6041,150,S,46875,333
00:03:12,1790179392,36,S,6041,150,S,46902,333
00:03:13,1790179393,36,S,6041,150,S,46929,333
00:03:14,1790179394,36,S,6041,150,S,46956,333
00:03:15,1790179395,36,S,6041,150,S,46982,333
00:03:16,1790179396,36,S,6041,150,S,47008,333
00:03:17,1790179397,36,S,6041,150,S,47034,333
00:03:18,1790179398,36,S,6041,150,S,47061,333
00:03:19,1790179399,36,S,6041,150,S,47086,333
00:03:20,1790179400,36,S,6041,150,S,47113,333
00:03:21,1790179401,36,S,6041,150,S,47139,333
00:03:22,1790179402,36,S,6041,150,S,47166,333
00:03:23,1790179403,36,S,6042,150,S,47192,333
00:03:24,1790179404,36,S,6042,150,S,47219,333
00:03:25,1790179405,36,S,6042,150,S,47244,333
00:03:26,1790179406,36,S,6042,150,S,47271,333
00:03:27,1790179407,36,S,6042,150,S,47298,333
00:03:28,1790179408,36,S,6042,150,S,47324,333
00:03:29,1790179409,36,S,6042,150,S,47351,333
00:03:30,1790179410,36,S,6042,150,S,47377,333
00:03:31,1790179411,36,S,6042,150,S,47403,333
00:03:32,1790179412,36,S,6042,150,S,47429,333
00:03:33,1790179413,36,S,6042,150,S,47455,333
00:03:34,1790179414,36,S,6042,150,S,47480,333
00:03:35,1790179415,36,S,6042,150,S,47506,333
00:03:36,1790179416,36,S,6042,150,S,47531,333
00:03:37,1790179417,36,S,6042,150,S,47559,333
00:03:38,1790179418,36,S,6042,150,S,47584,333
00:03:39,1790179419,36,S,6042,150,S,47609,333
00:03:40,1790179420,36,S,6042,150,S,47635,333
00:03:41,1790179421,36,S,6042,150,S,47659,333
00:03:42,1790179422,36,S,6042,150,S,47683,333
00:03:43,1790179423,36,S,6042,150,S,47709,333
00:03:44,1790179424,36,S,6042,150,S,47733,333
00:03:45,1790179425,36,S,6042,150,S,47759,333
00:03:46,1790179426,36,S,6042,150,S,47784,333
00:03:47,1790179427,36,S,6042,150,S,47809,333
00:03:48,1790179428,36,S,6042,150,S,47834,333
00:03:49,1790179429,36,S,6042,150,S,47859,333
00:03:50,1790179430,36,S,6071,150,R,47917,333
00:03:51,1790179431,36,S,6139,150,R,48105,333
00:03:52,1790179432,36,S,6141,150,R,48296,333
00:03:53,1790179433,36,S,6143,150,R,48488,333
00:03:54,1790179434,36,S,6145,150,R,48678,333
00:03:55,1790179435,36,S,6148,150,R,48867,333
00:03:56,1790179436,36,S,6150,150,R,49056,333
00:03:57,1790179437,36,S,6153,150,R,49244,333
00:03:58,1790179438,36,S,6156,150,R,49430,333
00:03:59,1790179439,36,S,6159,150,R,49609,333
00:04:00,1790179440,36,S,6163,150,R,49775,333
00:04:01,1790179441,36,S,6166,150,R,49919,333
00:04:02,1790179442,36,S,6169,150,R,50055,333
00:04:03,1790179443,36,S,6172,150,R,50192,333
00:04:04,1790179444,36,S,6175,150,R,50329,333
00:04:05,1790179445,36,S,6178,150,R,50466,333
00:04:06,1790179446,36,S,6181,150,R,50603,333
00:04:07,1790179447,36,S,6185,150,R,50738,333
00:04:08,1790179448,36,S,6191,150,R,50869,333
00:04:09,1790179449,36,S,6197,150,S,51001,333
00:04:10,1790179450,36,S,6203,150,R,51131,333
00:04:11,1790179451,36,S,6209,150,R,51262,333
00:04:12,1790179452,36,S,6216,150,R,51392,333
00:04:13,1790179453,36,S,6222,150,R,51523,333
00:04:14,1790179454,36,S,6227,150,R,51653,333
00:04:15,1790179455,36,S,6234,150,R,51785,333
00:04:16,1790179456,36,R,6240,150,R,51915,333
00:04:17,1790179457,36,S,6246,150,R,52047,333
00:04:18,1790179458,36,S,6253,150,R,52177,333
00:04:19,1790179459,36,S,6259,150,R,52307,333
00:04:20,1790179460,36,S,6265,150,R,52438,333
00:04:21,1790179461,36,S,6271,150,R,52569,333
00:04:22,1790179462,36,S,6277,150,R,52700,333
00:04:23,1790179463,36,S,6284,150,R,52832,333
00:04:24,1790179464,36,S,6290,150,R,52963,333
00:04:25,1790179465,36,S,6296,150,R,53094,333
00:04:26,1790179466,36,S,6302,150,R,53225,333
00:04:27,1790179467,36,S,6309,150,R,53356,333
00:04:28,1790179468,36,S,6315,150,R,53487,333
00:04:29,1790179469,36,S,6321,150,R,53618,333
00:04:30,1790179470,36,S,6327,150,R,53749,333
00:04:31,1790179471,36,S,6334,150,R,53880,333
00:04:32,1790179472,36,R,6340,150,R,54011,333
00:04:33,1790179473,36,S,6345,150,R,54141,333
00:04:34,1790179474,36,S,6352,150,R,54273,333
00:04:35,1790179475,36,S,6358,150,R,54403,333
00:04:36,1790179476,36,S,6364,150,R,54535,333
00:04:37,1790179477,36,S,6370,150,R,54665,333
00:04:38,1790179478,36,S,6377,150,R,54796,333
00:04:39,1790179479,36,S,6383,150,R,54926,333
00:04:40,1790179480,36,S,6389,150,R,55057,333
00:04:41,1790179481,36,S,6395,150,R,55189,333
00:04:42,1790179482,36,S,6401,150,R,55319,333
00:04:43,1790179483,36,S,6408,150,R,55450,333
00:04:44,1790179484,36,S,6413,150,R,55580,333
00:04:45,1790179485,36,S,6419,150,R,55711,333
00:04:46,1790179486,36,S,6426,150,R,55842,333
00:04:47,1790179487,36,S,6431,150,R,55973,333
00:04:48,1790179488,36,S,6438,150,R,56104,333
00:04:49,1790179489,36,S,6445,150,R,56235,333
00:04:50,1790179490,36,S,6455,150,R,56390,333
00:04:51,1790179491,36,S,6463,150,R,56526,333
00:04:52,1790179492,36,R,6471,150,R,56662,333
00:04:53,1790179493,36,S,6481,150,R,56809,333
00:04:54,1790179494,36,S,6491,150,R,56946,333
00:04:55,1790179495,36,S,6500,150,R,57081,333
00:04:56,1790179496,36,R,6507,150,R,57217,333
00:04:57,1790179497,36,S,6517,150,R,57352,333
00:04:58,1790179498,36,S,6524,150,R,57489,333
00:04:59,1790179499,36,S,6535,150,R,57624,333
00:05:00,1790179500,36,S,6542,150,R,57760,333
00:05:01,1790179501,36,S,6550,150,R,57896,333
00:05:02,1790179502,36,S,6558,150,R,58033,333
00:05:03,1790179503,36,S,6567,150,R,58169,333
00:05:04,1790179504,36,S,6576,150,R,58306,333
00:05:05,1790179505,36,S,6584,150,R,58443,333
00:05:06,1790179506,36,S,6593,150,R,58580,333
00:05:07,1790179507,36,S,6600,150,R,58717,333
00:05:08,1790179508,36,S,6607,150,R,58853,333
00:05:09,1790179509,36,S,6613,150,R,58986,333
00:05:10,1790179510,36,S,6619,150,R,59116,333
00:05:11,1790179511,36,S,6625,150,R,59247,333
00:05:12,1790179512,36,S,6631,150,R,59378,333
00:05:13,1790179513,36,S,6638,150,R,59508,333
00:05:14,1790179514,36,S,6644,150,R,59640,333
00:05:15,1790179515,36,S,6650,150,R,59772,333
00:05:16,1790179516,36,S,6656,150,R,59902,333
00:05:17,1790179517,36,S,6662,150,R,60033,333
00:05:18,1790179518,36,S,6669,150,R,60163,333
00:05:19,1790179519,36,S,6674,150,R,60294,333
00:05:20,1790179520,36,S,6681,150,R,60425,333
00:05:21,1790179521,36,S,6686,150,R,60556,333
00:05:22,1790179522,36,S,6693,150,R,60685,333
00:05:23,1790179523,36,S,6699,150,R,60816,333
00:05:24,1790179524,36,S,6706,150,R,60946,333
00:05:25,1790179525,36,S,6712,150,R,61077,333
00:05:26,1790179526,36,S,6718,150,R,61207,333
00:05:27,1790179527,36,S,6725,150,R,61338,333
00:05:28,1790179528,36,S,6730,150,R,61468,333
00:05:29,1790179529,36,S,6737,150,R,61599,333
00:05:30,1790179530,36,S,6743,150,R,61729,333
00:05:31,1790179531,36,S,6749,150,R,61860,333
00:05:32,1790179532,36,S,6755,150,R,61991,333
00:05:33,1790179533,36,S,6761,150,R,62122,333
00:05:34,1790179534,36,S,6768,150,R,62254,333
00:05:35,1790179535,36,S,6774,150,R,62386,333
00:05:36,1790179536,36,S,6781,150,R,62518,333
00:05:37,1790179537,36,S,6787,150,R,62650,333
00:05:38,1790179538,36,S,6794,150,R,62783,333
00:05:39,1790179539,36,S,6800,150,R,62915,333
00:05:40,1790179540,36,S,6806,150,R,63046,333
00:05:41,1790179541,36,S,6813,150,R,63177,333
00:05:42,1790179542,36,S,6818,150,R,63307,333
00:05:43,1790179543,36,S,6825,150,R,63438,333
00:05:44,1790179544,36,S,6830,150,R,63569,333
00:05:45,1790179545,36,S,6837,150,R,63700,333
00:05:46,1790179546,36,S,6843,150,R,63831,333
00:05:47,1790179547,36,S,6849,150,R,63961,333
00:05:48,1790179548,36,S,6856,150,R,64092,333
00:05:49,1790179549,36,S,6862,150,R,64222,333
00:05:50,1790179550,36,S,6868,150,R,64352,333
00:05:51,1790179551,36,S,6877,150,R,64506,333
00:05:52,1790179552,36,S,6887,150,R,64644,333
00:05:53,1790179553,36,S,6895,150,R,64781,333
00:05:54,1790179554,36,S,6903,150,R,64916,333
00:05:55,1790179555,36,S,6912,150,R,65053,333
00:05:56,1790179556,36,S,6922,150,R,65189,333
00:05:57,1790179557,36,S,6929,150,R,65325,333
00:05:58,1790179558,36,S,6939,150,R,65461,333
00:05:59,1790179559,36,S,6947,150,R,65597,333
00:06:00,1790179560,36,S,6955,150,R,65733,333
00:06:01,1790179561,36,S,6965,150,S,65870,333
00:06:02,1790179562,36,S,6972,150,R,66006,333
00:06:03,1790179563,36,S,6979,150,R,66142,333
00:06:04,1790179564,36,S,6987,150,R,66279,333
00:06:05,1790179565,36,S,6997,150,R,66415,333
00:06:06,1790179566,36,S,7005,150,R,66551,333
00:06:07,1790179567,36,S,7014,150,R,66687,333
00:06:08,1790179568,36,S,7022,150,R,66823,333
00:06:09,1790179569,36,S,7030,150,R,66960,333
00:06:10,1790179570,36,S,7035,150,R,67092,333
00:06:11,1790179571,36,S,7040,150,R,67223,333
00:06:12,1790179572,36,S,7047,150,R,67353,333
00:06:13,1790179573,36,S,7052,150,R,67484,333
00:06:14,1790179574,36,S,7059,150,R,67616,333
00:06:15,1790179575,36,S,7065,150,R,67747,333
00:06:16,1790179576,36,S,7072,150,R,67878,333
00:06:17,1790179577,36,S,7079,150,R,68008,333
00:06:18,1790179578,36,S,7085,150,R,68139,333
00:06:19,1790179579,36,S,7091,150,R,68269,333
00:06:20,1790179580,36,S,7097,150,R,68400,333
00:06:21,1790179581,36,S,7103,150,R,68531,333
00:06:22,1790179582,36,S,7109,150,R,68662,333
00:06:23,1790179583,36,S,7115,150,R,68792,333
00:06:24,1790179584,36,S,7122,150,R,68923,333
00:06:25,1790179585,36,R,7128,150,R,69053,333
00:06:26,1790179586,36,S,7134,150,R,69184,333
00:06:27,1790179587,36,S,7140,150,R,69314,333
00:06:28,1790179588,36,S,7147,150,R,69445,333
00:06:29,1790179589,36,S,7153,150,R,69575,333
00:06:30,1790179590,36,S,7159,150,R,69706,333
00:06:31,1790179591,36,S,7165,150,R,69836,333
00:06:32,1790179592,36,S,7171,150,R,69966,333
00:06:33,1790179593,36,S,7178,150,R,70098,333
00:06:34,1790179594,36,S,7183,150,R,70229,333
00:06:35,1790179595,36,R,7190,150,R,70359,333
00:06:36,1790179596,36,S,7197,150,R,70489,333
00:06:37,1790179597,36,S,7203,150,R,70620,333
00:06:38,1790179598,36,S,7209,150,R,70749,333
00:06:39,1790179599,36,S,7215,150,R,70880,333
00:06:40,1790179600,36,S,7221,150,R,71010,333
00:06:41,1790179601,36,S,7228,150,R,71141,333
00:06:42,1790179602,36,R,7234,150,R,71270,333
00:06:43,1790179603,36,S,7240,150,R,71400,333
00:06:44,1790179604,36,S,7246,150,R,71530,333
00:06:45,1790179605,36,S,7253,150,R,71660,333
00:06:46,1790179606,36,S,7258,150,R,71791,333
00:06:47,1790179607,36,S,7265,150,R,71922,333
00:06:48,1790179608,36,S,7270,150,R,72053,333
00:06:49,1790179609,36,S,7277,150,R,72183,333
00:06:50,1790179610,36,S,7283,150,R,72314,333
00:06:51,1790179611,36,S,7290,150,R,72445,333
00:06:52,1790179612,36,S,7298,150,R,72590,333
00:06:53,1790179613,36,S,7307,150,R,72732,333
00:06:54,1790179614,36,S,7316,150,R,72869,333
00:06:55,1790179615,36,S,7324,150,R,73005,333
00:06:56,1790179616,36,S,7334,150,R,73141,333
00:06:57,1790179617,36,S,7340,150,R,73278,333
00:06:58,1790179618,36,S,7349,150,R,73416,333
00:06:59,1790179619,36,S,7357,150,R,73552,333
00:07:00,1790179620,36,S,7367,150,R,73689,333
00:07:01,1790179621,36,S,7376,150,R,73826,333
00:07:02,1790179622,36,S,7382,150,R,73964,333
00:07:03,1790179623,36,S,7391,150,R,74101,333
00:07:04,1790179624,36,S,7399,150,R,74238,333
00:07:05,1790179625,36,S,7407,150,R,74375,333
00:07:06,1790179626,36,S,7414,150,R,74512,333
00:07:07,1790179627,36,S,7423,150,R,74648,333
00:07:08,1790179628,36,S,7432,150,R,74785,333
00:07:09,1790179629,36,S,7441,150,R,74922,333
00:07:10,1790179630,36,S,7450,150,R,75058,333
00:07:11,1790179631,36,S,7455,150,R,75207,333
00:07:12,1790179632,36,S,7462,150,R,75337,333
00:07:13,1790179633,36,S,7467,150,R,75468,333
00:07:14,1790179634,36,S,7474,150,R,75599,333
00:07:15,1790179635,36,S,7480,150,R,75730,333
00:07:16,1790179636,36,S,7486,150,R,75862,333
00:07:17,1790179637,36,S,7492,150,R,75992,333
00:07:18,1790179638,36,S,7499,150,R,76123,333
00:07:19,1790179639,36,S,7505,150,R,76254,333
00:07:20,1790179640,36,S,7511,150,R,76385,333
00:07:21,1790179641,36,S,7517,150,R,76516,333
00:07:22,1790179642,36,S,7523,150,R,76647,333
00:07:23,1790179643,36,S,7530,150,R,76777,333
00:07:24,1790179644,36,S,7536,150,R,76908,333
00:07:25,1790179645,36,S,7542,150,R,77038,333
00:07:26,1790179646,36,S,7549,150,R,77169,333
00:07:27,1790179647,36,R,7555,150,R,77299,333
00:07:28,1790179648,36,S,7561,150,R,77430,333
00:07:29,1790179649,36,S,7567,150,R,77560,333
00:07:30,1790179650,36,R,7573,150,R,77690,333
00:07:31,1790179651,36,S,7580,150,R,77821,333
00:07:32,1790179652,36,S,7586,150,R,77953,333
00:07:33,1790179653,36,S,7592,150,R,78085,333
00:07:34,1790179654,36,S,7599,150,R,78216,333
00:07:35,1790179655,36,S,7606,150,R,78348,333
00:07:36,1790179656,36,S,7612,150,R,78478,333
00:07:37,1790179657,36,S,7617,150,R,78610,333
00:07:38,1790179658,36,S,7624,150,R,78740,333
00:07:39,1790179659,36,S,7631,150,R,78872,333
00:07:40,1790179660,36,S,7637,150,R,79004,333
00:07:41,1790179661,36,S,7643,150,R,79134,333
00:07:42,1790179662,36,S,7649,150,R,79265,333
00:07:43,1790179663,36,S,7656,150,R,79397,333
00:07:44,1790179664,36,S,7662,150,R,79528,333
00:07:45,1790179665,36,S,7668,150,R,79661,333
00:07:46,1790179666,36,S,7674,150,R,79793,333
00:07:47,1790179667,36,S,7680,150,R,79924,333
00:07:48,1790179668,36,S,7687,150,R,80056,333
00:07:49,1790179669,36,S,7693,150,R,80187,333
00:07:50,1790179670,36,S,7700,150,R,80318,333
00:07:51,1790179671,36,S,7705,150,R,80449,333
00:07:52,1790179672,36,S,7712,150,R,80581,333
00:07:53,1790179673,36,S,7718,150,R,80711,333
00:07:54,1790179674,36,S,7725,150,R,80843,333
00:07:55,1790179675,36,S,7732,150,R,80974,333
00:07:56,1790179676,36,S,7738,150,R,81107,333
00:07:57,1790179677,36,S,7741,150,S,81174,333
00:07:58,1790179678,36,S,7741,150,S,81202,333
00:07:59,1790179679,36,S,7741,150,S,81233,333
00:08:00,1790179680,36,S,7742,150,S,81259,333
00:08:01,1790179681,36,S,7742,150,S,81286,333
00:08:02,1790179682,36,S,7742,150,S,81312,333
00:08:03,1790179683,36,S,7742,150,S,81339,333
00:08:04,1790179684,36,S,7742,150,S,81365,333
00:08:05,1790179685,36,S,7742,150,S,81391,333
00:08:06,1790179686,36,S,7742,150,S,81417,333
00:08:07,1790179687,36,S,7742,150,S,81443,333
00:08:08,1790179688,36,S,7742,150,S,81469,333
00:08:09,1790179689,36,S,7742,150,S,81494,333
00:08:10,1790179690,36,S,7742,150,S,81520,333
00:08:11,1790179691,36,S,7742,150,S,81547,333
00:08:12,1790179692,36,S,7742,150,S,81572,333
00:08:13,1790179693,36,S,7742,150,S,81598,333
00:08:14,1790179694,36,S,7742,150,S,81624,333
00:08:15,1790179695,36,S,7742,150,S,81651,333
00:08:16,1790179696,36,S,7742,150,S,81676,333
00:08:17,1790179697,36,S,7742,150,S,81702,333
00:08:18,1790179698,36,S,7743,150,S,81730,333
00:08:19,1790179699,36,S,7743,150,S,81756,333
00:08:20,1790179700,36,S,7743,150,S,81783,333
00:08:21,1790179701,36,S,7743,150,S,81808,333
00:08:22,1790179702,36,S,7743,150,S,81833,333
00:08:23,1790179703,36,S,7743,150,S,81858,333
00:08:24,1790179704,36,S,7743,150,S,81883,333
00:08:25,1790179705,36,S,7743,150,S,81909,333
00:08:26,1790179706,36,S,7743,150,S,81935,333
00:08:27,1790179707,36,S,7743,150,S,81960,333
00:08:28,1790179708,36,S,7743,150,S,81985,333
00:08:29,1790179709,36,S,7743,150,S,82011,333
00:08:30,1790179710,36,S,7743,150,S,82036,333
00:08:31,1790179711,36,S,7743,150,S,82061,333
00:08:32,1790179712,36,S,7743,150,S,82086,333
00:08:33,1790179713,36,S,7743,150,S,82112,333
00:08:34,1790179714,36,S,7743,150,S,82137,333
00:08:35,1790179715,36,S,7743,150,S,82162,333
00:08:36,1790179716,36,S,7743,150,S,82188,333
00:08:37,1790179717,36,S,7743,150,S,82213,333
00:08:38,1790179718,36,S,7743,150,S,82239,333
00:08:39,1790179719,36,S,7743,150,S,82265,333
00:08:40,1790179720,36,S,7743,150,S,82290,333
00:08:41,1790179721,36,S,7743,150,S,82316,333
00:08:42,1790179722,36,S,7743,150,S,82341,333
00:08:43,1790179723,36,S,7743,150,S,82366,333
00:08:44,1790179724,36,S,7743,150,S,82390,333
00:08:45,1790179725,36,S,7743,150,S,82416,333
00:08:46,1790179726,36,S,7743,150,S,82441,333
00:08:47,1790179727,36,S,7743,150,S,82466,333
00:08:48,1790179728,36,S,7743,150,S,82490,333
00:08:49,1790179729,36,S,7743,150,S,82516,333
00:08:50,1790179730,36,S,7743,150,S,82542,333
00:08:51,1790179731,36,S,7743,150,S,82570,333
00:08:52,1790179732,36,S,7743,150,S,82595,333
00:08:53,1790179733,36,S,7743,150,S,82620,333
00:08:54,1790179734,36,S,7744,150,S,82647,333
00:08:55,1790179735,36,S,7744,150,S,82674,333
00:08:56,1790179736,36,S,7744,150,S,82698,333
00:08:57,1790179737,36,S,7744,150,S,82723,333
00:08:58,1790179738,36,S,7744,150,S,82749,333
00:08:59,1790179739,36,S,7744,150,S,82775,333
00:09:00,1790179740,36,S,7745,150,S,82802,333
00:09:01,1790179741,36,S,7828,150,R,82943,333
00:09:02,1790179742,36,S,7844,150,R,83138,333
00:09:03,1790179743,36,S,7846,150,R,83335,333
00:09:04,1790179744,36,S,7848,150,R,83531,333
00:09:05,1790179745,36,S,7851,150,R,83725,333
00:09:06,1790179746,36,S,7853,150,R,83917,333
00:09:07,1790179747,36,S,7856,150,R,84107,333
00:09:08,1790179748,36,S,7859,150,R,84297,333
00:09:09,1790179749,36,S,7861,150,R,84482,333
00:09:10,1790179750,36,S,7864,150,R,84658,333
00:09:11,1790179751,36,S,7867,150,R,84816,333
00:09:12,1790179752,36,S,7870,150,R,84954,333
00:09:13,1790179753,36,S,7872,150,R,85093,333
00:09:14,1790179754,36,S,7876,150,R,85232,333
00:09:15,1790179755,36,S,7879,150,R,85371,333
00:09:16,1790179756,36,S,7883,150,R,85510,333
00:09:17,1790179757,36,S,7886,150,R,85649,333
00:09:18,1790179758,36,S,7886,150,S,85716,333
00:09:19,1790179759,36,S,7886,150,S,85753,333
00:09:20,1790179760,36,S,7886,150,S,85790,333
00:09:21,1790179761,36,S,7886,150,S,85826,333
00:09:22,1790179762,36,S,7887,150,S,85863,333
00:09:23,1790179763,36,S,7887,150,S,85901,333
00:09:24,1790179764,36,S,7887,150,R,85942,333
00:09:25,1790179765,36,S,7887,150,S,85985,333
00:09:26,1790179766,36,S,7887,150,S,86023,333
00:09:27,1790179767,36,S,7887,150,S,86058,333
00:09:28,1790179768,36,S,7887,150,S,86093,333
00:09:29,1790179769,36,S,7887,150,S,86126,333
00:09:30,1790179770,36,S,7887,150,S,86160,333
00:09:31,1790179771,36,S,7887,150,S,86196,333
00:09:32,1790179772,36,S,7887,150,S,86231,333
00:09:33,1790179773,36,S,7887,150,S,86268,333
00:09:34,1790179774,36,S,7887,150,S,86304,333
00:09:35,1790179775,36,S,7887,150,S,86340,333
00:09:36,1790179776,36,S,7887,150,S,86377,333
00:09:37,1790179777,36,S,7890,150,R,86458,333
00:09:38,1790179778,36,S,7897,150,R,86593,333
00:09:39,1790179779,36,S,7902,150,R,86729,333
00:09:40,1790179780,36,S,7909,150,R,86864,333
00:09:41,1790179781,36,R,7916,150,R,86999,333
00:09:42,1790179782,36,S,7922,150,R,87134,333
00:09:43,1790179783,36,S,7928,150,R,87268,333
00:09:44,1790179784,36,S,7935,150,R,87402,333
00:09:45,1790179785,36,S,7941,150,R,87536,333
00:09:46,1790179786,36,S,7948,150,R,87670,333
00:09:47,1790179787,36,S,7954,150,R,87805,333
00:09:48,1790179788,36,S,7960,150,R,87938,333
00:09:49,1790179789,36,S,7967,150,R,88072,333
00:09:50,1790179790,36,S,7973,150,R,88206,333
00:09:51,1790179791,36,S,7979,150,R,88339,333
00:09:52,1790179792,36,S,7986,150,R,88473,333
00:09:53,1790179793,36,S,7992,150,R,88608,333
00:09:54,1790179794,36,S,7999,150,R,88742,333
00:09:55,1790179795,36,S,8005,150,S,88877,333
00:09:56,1790179796,36,S,8011,150,R,89012,333
00:09:57,1790179797,36,S,8018,150,R,89145,333
00:09:58,1790179798,36,S,8025,150,R,89280,333
00:09:59,1790179799,36,S,8031,150,R,89415,333
00:10:00,1790179800,36,S,8037,150,R,89549,333
00:10:01,1790179801,36,S,8044,150,R,89683,333
00:10:02,1790179802,36,S,8051,150,R,89817,333
00:10:03,1790179803,36,S,8057,150,R,89952,333
00:10:04,1790179804,36,S,8063,150,R,90086,333
00:10:05,1790179805,36,S,8069,150,R,90221,333
00:10:06,1790179806,36,S,8076,150,R,90355,333
00:10:07,1790179807,36,R,8082,150,R,90491,333
00:10:08,1790179808,36,S,8089,150,R,90625,333
00:10:09,1790179809,36,S,8095,150,R,90760,333
00:10:10,1790179810,36,S,8102,150,R,90895,333
00:10:11,1790179811,36,S,8108,150,R,91031,333
00:10:12,1790179812,36,S,8114,150,R,91166,333
00:10:13,1790179813,36,S,8120,150,R,91300,333
00:10:14,1790179814,36,S,8127,150,R,91435,333
00:10:15,1790179815,36,S,8133,150,R,91569,333
00:10:16,1790179816,36,S,8139,150,R,91704,333
00:10:17,1790179817,36,S,8145,150,R,91839,333
00:10:18,1790179818,36,S,8151,150,R,91974,333
00:10:19,1790179819,36,S,8159,150,R,92113,333
00:10:20,1790179820,36,S,8169,150,R,92268,333
00:10:21,1790179821,36,S,8177,150,R,92407,333
00:10:22,1790179822,36,S,8187,150,R,92545,333
00:10:23,1790179823,36,S,8196,150,R,92698,333
00:10:24,1790179824,36,S,8205,150,R,92836,333
00:10:25,1790179825,36,S,8214,150,R,92975,333
00:10:26,1790179826,36,S,8222,150,R,93114,333
00:10:27,1790179827,36,S,8231,150,R,93253,333
00:10:28,1790179828,36,S,8241,150,R,93391,333
00:10:29,1790179829,36,S,8251,150,R,93531,333
00:10:30,1790179830,36,S,8261,150,R,93669,333
00:10:31,1790179831,36,S,8270,150,R,93808,333
00:10:32,1790179832,36,S,8279,150,R,93947,333
00:10:33,1790179833,36,S,8289,150,R,94086,333
00:10:34,1790179834,36,S,8297,150,R,94225,333
00:10:35,1790179835,36,S,8306,150,R,94363,333
00:10:36,1790179836,36,S,8314,150,R,94502,333
00:10:37,1790179837,36,S,8322,150,R,94640,333
00:10:38,1790179838,36,S,8325,150,R,94777,333
00:10:39,1790179839,36,S,8331,150,R,94913,333
00:10:40,1790179840,36,S,8338,150,R,95047,333
00:10:41,1790179841,36,S,8344,150,R,95183,333
00:10:42,1790179842,36,S,8349,150,R,95317,333
00:10:43,1790179843,36,S,8356,150,R,95451,333
00:10:44,1790179844,36,R,8362,150,R,95585,333
00:10:45,1790179845,36,S,8368,150,R,95719,333
00:10:46,1790179846,36,S,8375,150,R,95854,333
00:10:47,1790179847,36,S,8381,150,R,95989,333
00:10:48,1790179848,36,S,8388,150,R,96123,333
00:10:49,1790179849,36,S,8394,150,R,96258,333
00:10:50,1790179850,36,S,8401,150,R,96393,333
00:10:51,1790179851,36,S,8407,150,R,96528,333
00:10:52,1790179852,36,S,8414,150,R,96663,333
00:10:53,1790179853,36,S,8420,150,R,96800,333
00:10:54,1790179854,36,R,8426,150,R,96933,333
00:10:55,1790179855,36,S,8433,150,R,97069,333
00:10:56,1790179856,36,S,8438,150,R,97204,333
00:10:57,1790179857,36,S,8445,150,R,97339,333
00:10:58,1790179858,36,S,8451,150,R,97476,333
00:10:59,1790179859,36,S,8457,150,R,97610,333
00:11:00,1790179860,36,S,8464,150,R,97744,333
00:11:01,1790179861,36,S,8471,150,R,97881,333
00:11:02,1790179862,36,S,8477,150,R,98014,333
00:11:03,1790179863,36,S,8483,150,R,98148,333
00:11:04,1790179864,36,S,8490,150,R,98282,333
00:11:05,1790179865,36,S,8496,150,R,98416,333
00:11:06,1790179866,36,S,8502,150,R,98550,333
00:11:07,1790179867,36,S,8508,150,R,98684,333
00:11:08,1790179868,36,S,8514,150,R,98819,333
00:11:09,1790179869,36,S,8521,150,R,98953,333
00:11:10,1790179870,36,R,8528,150,R,99086,333
00:11:11,1790179871,36,S,8535,150,R,99222,333
00:11:12,1790179872,36,S,8541,150,R,99355,333
00:11:13,1790179873,36,S,8547,150,R,99489,333
00:11:14,1790179874,36,S,8554,150,R,99623,333
00:11:15,1790179875,36,S,8559,150,R,99757,333
00:11:16,1790179876,36,S,8566,150,R,99893,333
00:11:17,1790179877,36,S,8572,150,R,100028,333
00:11:18,1790179878,36,S,8579,150,R,100162,333
00:11:19,1790179879,36,S,8584,150,R,100297,333
00:11:20,1790179880,36,S,8593,150,R,100436,333
00:11:21,1790179881,36,S,8603,150,R,100593,333
00:11:22,1790179882,36,S,8613,150,R,100731,333
00:11:23,1790179883,36,S,8620,150,R,100870,333
00:11:24,1790179884,36,S,8628,150,R,101009,333
00:11:25,1790179885,36,S,8638,150,R,101148,333
00:11:26,1790179886,36,S,8645,150,R,101286,333
00:11:27,1790179887,36,S,8654,150,R,101423,333
00:11:28,1790179888,36,S,8663,150,R,101561,333
00:11:29,1790179889,36,S,8671,150,R,101700,333
00:11:30,1790179890,36,S,8680,150,R,101839,333
00:11:31,1790179891,36,S,8687,150,R,101978,333
00:11:32,1790179892,36,S,8696,150,R,102117,333
00:11:33,1790179893,36,S,8705,150,R,102257,333
00:11:34,1790179894,36,R,8713,150,R,102397,333
00:11:35,1790179895,36,S,8720,150,R,102536,333
00:11:36,1790179896,36,S,8731,150,R,102676,333
00:11:37,1790179897,36,S,8739,150,R,102815,333
00:11:38,1790179898,36,S,8747,150,R,102955,333
00:11:39,1790179899,36,S,8754,150,R,103094,333
00:11:40,1790179900,36,S,8761,150,R,103230,333
00:11:41,1790179901,36,S,8767,150,R,103364,333
00:11:42,1790179902,36,S,8773,150,R,103498,333
00:11:43,1790179903,36,S,8780,150,R,103633,333
00:11:44,1790179904,36,S,8786,150,R,103767,333
00:11:45,1790179905,36,S,8792,150,R,103902,333
00:11:46,1790179906,36,S,8798,150,R,104035,333
00:11:47,1790179907,36,S,8805,150,R,104170,333
00:11:48,1790179908,36,S,8811,150,R,104304,333
00:11:49,1790179909,36,S,8818,150,R,104439,333
00:11:50,1790179910,36,S,8824,150,R,104573,333
00:11:51,1790179911,36,S,8830,150,R,104708,333
00:11:52,1790179912,36,S,8837,150,R,104842,333
00:11:53,1790179913,36,S,8843,150,R,104975,333
00:11:54,1790179914,36,S,8849,150,R,105109,333
00:11:55,1790179915,36,S,8855,150,R,105243,333
00:11:56,1790179916,36,S,8861,150,R,105378,333
00:11:57,1790179917,36,S,8868,150,R,105512,333
00:11:58,1790179918,36,R,8875,150,R,105646,333
00:11:59,1790179919,36,S,8880,150,R,105780,333
00:12:00,1790179920,36,S,8887,150,R,105914,333
00:12:01,1790179921,36,S,8893,150,R,106049,333
00:12:02,1790179922,36,S,8899,150,R,106183,333
00:12:03,1790179923,36,S,8906,150,R,106317,333
00:12:04,1790179924,36,S,8912,150,R,106451,333
00:12:05,1790179925,36,S,8918,150,R,106586,333
00:12:06,1790179926,36,S,8924,150,R,106719,333
00:12:07,1790179927,36,S,8931,150,R,106854,333
00:12:08,1790179928,36,S,8938,150,R,106988,333
00:12:09,1790179929,36,S,8943,150,R,107122,333
00:12:10,1790179930,36,S,8949,150,R,107255,333
00:12:11,1790179931,36,S,8956,150,R,107390,333
00:12:12,1790179932,36,R,8962,150,R,107525,333
00:12:13,1790179933,36,R,8968,150,R,107658,333
00:12:14,1790179934,36,S,8975,150,R,107792,333
00:12:15,1790179935,36,S,8980,150,R,107927,333
00:12:16,1790179936,36,S,8987,150,R,108061,333
00:12:17,1790179937,36,S,8993,150,R,108195,333
00:12:18,1790179938,36,S,8999,150,R,108329,333
00:12:19,1790179939,36,S,9005,150,R,108463,333
00:12:20,1790179940,36,S,9011,150,R,108598,333
00:12:21,1790179941,36,S,9019,150,R,108732,333
00:12:22,1790179942,36,S,9028,150,R,108890,333
00:12:23,1790179943,36,S,9036,150,R,109027,333
00:12:24,1790179944,36,S,9044,150,R,109165,333
00:12:25,1790179945,36,S,9054,150,R,109304,333
00:12:26,1790179946,36,S,9063,150,R,109442,333
00:12:27,1790179947,36,S,9071,150,R,109581,333
00:12:28,1790179948,36,S,9081,150,R,109720,333
00:12:29,1790179949,36,S,9089,150,R,109860,333
00:12:30,1790179950,36,S,9097,150,R,109998,333
00:12:31,1790179951,36,S,9105,150,R,110137,333
00:12:32,1790179952,36,S,9114,150,R,110275,333
00:12:33,1790179953,36,S,9122,150,R,110413,333
00:12:34,1790179954,36,S,9131,150,R,110553,333
00:12:35,1790179955,36,S,9139,150,R,110690,333
00:12:36,1790179956,36,S,9148,150,R,110829,333
00:12:37,1790179957,36,S,9156,150,R,110967,333
00:12:38,1790179958,36,S,9165,150,R,111105,333
00:12:39,1790179959,36,S,9174,150,R,111242,333
00:12:40,1790179960,36,S,9182,150,R,111394,333
00:12:41,1790179961,36,S,9188,150,R,111528,333
00:12:42,1790179962,36,S,9194,150,R,111663,333
00:12:43,1790179963,36,S,9200,150,R,111797,333
00:12:44,1790179964,36,S,9207,150,R,111931,333
00:12:45,1790179965,36,S,9213,150,R,112066,333
00:12:46,1790179966,36,S,9219,150,R,112200,333
00:12:47,1790179967,36,S,9225,150,R,112334,333
00:12:48,1790179968,36,S,9232,150,R,112469,333
00:12:49,1790179969,36,R,9238,150,R,112604,333
00:12:50,1790179970,36,S,9245,150,R,112740,333
00:12:51,1790179971,36,R,9251,150,R,112875,333
00:12:52,1790179972,36,S,9257,150,R,113010,333
00:12:53,1790179973,36,S,9264,150,R,113145,333
00:12:54,1790179974,36,S,9270,150,R,113280,333
00:12:55,1790179975,36,S,9276,150,R,113415,333
00:12:56,1790179976,36,S,9283,150,R,113552,333
00:12:57,1790179977,36,S,9289,150,R,113689,333
00:12:58,1790179978,36,S,9295,150,R,113825,333
00:12:59,1790179979,36,S,9302,150,R,113959,333
00:13:00,1790179980,36,S,9308,150,R,114094,333
00:13:01,1790179981,36,S,9315,150,R,114229,333
00:13:02,1790179982,36,S,9320,150,R,114363,333
00:13:03,1790179983,36,S,9327,150,R,114496,333
00:13:04,1790179984,36,S,9333,150,R,114631,333
00:13:05,1790179985,36,S,9339,150,R,114766,333
00:13:06,1790179986,36,S,9346,150,R,114901,333
00:13:07,1790179987,36,S,9352,150,R,115035,333
00:13:08,1790179988,36,S,9359,150,R,115170,333
00:13:09,1790179989,36,S,9365,150,R,115304,333
00:13:10,1790179990,36,S,9372,150,R,115438,333
00:13:11,1790179991,36,S,9377,150,R,115573,333
00:13:12,1790179992,36,R,9383,150,R,115706,333
00:13:13,1790179993,36,S,9390,150,R,115840,333
00:13:14,1790179994,36,S,9396,150,R,115975,333
00:13:15,1790179995,36,S,9402,150,R,116109,333
00:13:16,1790179996,36,S,9409,150,R,116243,333
00:13:17,1790179997,36,S,9415,150,R,116378,333
00:13:18,1790179998,36,S,9422,150,R,116513,333
00:13:19,1790179999,36,S,9428,150,R,116645,333
00:13:20,1790180000,36,S,9435,150,R,116780,333
00:13:21,1790180001,36,S,9440,150,R,116914,333
00:13:22,1790180002,36,S,9447,150,R,117048,333
00:13:23,1790180003,36,S,9454,150,R,117182,333
00:13:24,1790180004,36,S,9462,150,R,117317,333
00:13:25,1790180005,36,S,9468,150,R,117451,333
00:13:26,1790180006,36,S,9475,150,S,117572,333
00:13:27,1790180007,36,S,9475,150,S,117603,333
00:13:28,1790180008,36,S,9475,150,S,117634,333
00:13:29,1790180009,36,S,9475,150,S,117664,333
00:13:30,1790180010,36,S,9475,150,S,117696,333
00:13:31,1790180011,36,S,9475,150,S,117727,333
00:13:32,1790180012,36,S,9475,150,S,117756,333
00:13:33,1790180013,36,S,9475,150,S,117786,333
00:13:34,1790180014,36,S,9475,150,S,117816,333
00:13:35,1790180015,36,S,9475,150,S,117846,333
00:13:36,1790180016,36,S,9475,150,S,117877,333
00:13:37,1790180017,36,S,9475,150,S,117906,333
00:13:38,1790180018,36,S,9475,150,S,117936,333
00:13:39,1790180019,36,S,9475,150,S,117966,333
00:13:40,1790180020,36,S,9475,150,S,117997,333
00:13:41,1790180021,36,S,9475,150,S,118026,333
00:13:42,1790180022,36,S,9475,150,S,118055,333
00:13:43,1790180023,36,S,9476,150,S,118084,333
00:13:44,1790180024,36,S,9476,150,S,118114,333
00:13:45,1790180025,36,S,9476,150,S,118143,333
00:13:46,1790180026,36,S,9476,150,S,118172,333
00:13:47,1790180027,36,S,9476,150,S,118202,333
00:13:48,1790180028,36,S,9476,150,S,118233,333
00:13:49,1790180029,36,S,9476,150,S,118264,333
00:13:50,1790180030,36,S,9476,150,S,118295,333
00:13:51,1790180031,36,S,9476,150,S,118326,333
00:13:52,1790180032,36,S,9476,150,S,118357,333
00:13:53,1790180033,36,S,9476,150,S,118387,333
00:13:54,1790180034,36,S,9476,150,S,118419,333
00:13:55,1790180035,36,S,9476,150,S,118450,333
00:13:56,1790180036,36,S,9476,150,S,118481,333
00:13:57,1790180037,36,S,9476,150,S,118512,333
00:13:58,1790180038,36,S,9477,150,S,118543,333
00:13:59,1790180039,36,S,9477,150,S,118574,333
00:14:00,1790180040,36,S,9477,150,S,118603,333
00:14:01,1790180041,36,S,9477,150,S,118633,333
00:14:02,1790180042,36,S,9477,150,S,118662,333
00:14:03,1790180043,36,S,9477,150,S,118693,333
00:14:04,1790180044,36,S,9477,150,S,118722,333
00:14:05,1790180045,36,S,9477,150,S,118752,333
00:14:06,1790180046,36,S,9477,150,S,118782,333
00:14:07,1790180047,36,S,9477,150,S,118812,333
00:14:08,1790180048,36,S,9477,150,S,118841,333
00:14:09,1790180049,36,S,9477,150,S,118870,333
00:14:10,1790180050,36,S,9477,150,S,118899,333
00:14:11,1790180051,36,S,9477,150,S,118929,333
00:14:12,1790180052,36,S,9477,150,S,118958,333
00:14:13,1790180053,36,S,9477,150,S,118987,333
00:14:14,1790180054,36,S,9477,150,S,119016,333
00:14:15,1790180055,36,S,9477,150,S,119044,333
00:14:16,1790180056,36,S,9477,150,S,119073,333
00:14:17,1790180057,36,S,9477,150,S,119103,333
00:14:18,1790180058,36,S,9477,150,S,119132,333
00:14:19,1790180059,36,S,9477,150,S,119161,333
00:14:20,1790180060,36,S,9477,150,S,119190,333
00:14:21,1790180061,36,S,9477,150,S,119221,333
00:14:22,1790180062,36,S,9478,150,S,119251,333
00:14:23,1790180063,36,S,9478,150,S,119282,333
00:14:24,1790180064,36,S,9478,150,S,119314,333
00:14:25,1790180065,36,S,9478,150,S,119344,333
00:14:26,1790180066,36,S,9478,150,S,119375,333
00:14:27,1790180067,36,S,9478,150,S,119406,333
00:14:28,1790180068,36,S,9478,150,S,119437,333
00:14:29,1790180069,36,S,9478,150,S,119467,333
00:14:30,1790180070,36,S,9478,150,S,119497,333
00:14:31,1790180071,36,S,9529,150,R,119589,333
00:14:32,1790180072,36,R,9578,150,R,119779,333
00:14:33,1790180073,36,S,9579,150,R,119972,333
00:14:34,1790180074,36,S,9581,150,R,120166,333
00:14:35,1790180075,36,S,9585,150,R,120357,333
00:14:36,1790180076,36,S,9587,150,R,120548,333
00:14:37,1790180077,36,S,9590,150,R,120739,333
00:14:38,1790180078,36,S,9593,150,R,120928,333
00:14:39,1790180079,36,S,9596,150,R,121116,333
00:14:40,1790180080,36,S,9599,150,R,121300,333
00:14:41,1790180081,36,S,9602,150,R,121475,333
00:14:42,1790180082,36,S,9605,150,R,121634,333
00:14:43,1790180083,36,S,9607,150,R,121773,333
00:14:44,1790180084,36,S,9611,150,R,121912,333
00:14:45,1790180085,36,S,9614,150,R,122051,333
00:14:46,1790180086,36,S,9618,150,R,122190,333
00:14:47,1790180087,36,S,9621,150,R,122329,333
00:14:48,1790180088,36,R,9624,150,R,122467,333
00:14:49,1790180089,36,S,9630,150,R,122602,333
00:14:50,1790180090,36,S,9637,150,R,122738,333
00:14:51,1790180091,36,R,9643,150,R,122873,333
00:14:52,1790180092,36,S,9649,150,R,123008,333
00:14:53,1790180093,36,S,9656,150,R,123143,333
00:14:54,1790180094,36,S,9662,150,R,123278,333
00:14:55,1790180095,36,S,9669,150,R,123413,333
00:14:56,1790180096,36,S,9674,150,R,123549,333
00:14:57,1790180097,36,S,9681,150,R,123686,333
00:14:58,1790180098,36,S,9687,150,R,123822,333
00:14:59,1790180099,36,S,9693,150,R,123957,333
00:15:00,1790180100,36,S,9700,150,R,124092,333
00:15:01,1790180101,36,S,9707,150,R,124226,333
00:15:02,1790180102,36,S,9713,150,R,124361,333
00:15:03,1790180103,36,S,9719,150,R,124497,333
00:15:04,1790180104,36,S,9725,150,R,124632,333
00:15:05,1790180105,36,S,9732,150,R,124766,333
00:15:06,1790180106,36,S,9738,150,R,124901,333
00:15:07,1790180107,36,S,9744,150,R,125036,333
00:15:08,1790180108,36,S,9749,150,R,125170,333
00:15:09,1790180109,36,S,9756,150,R,125305,333
00:15:10,1790180110,36,S,9762,150,R,125441,333
00:15:11,1790180111,36,S,9768,150,R,125575,333
00:15:12,1790180112,36,S,9775,150,R,125711,333
00:15:13,1790180113,36,S,9781,150,R,125846,333
00:15:14,1790180114,36,S,9787,150,R,125981,333
00:15:15,1790180115,36,S,9793,150,R,126116,333
00:15:16,1790180116,36,S,9799,150,R,126252,333
00:15:17,1790180117,36,S,9806,150,R,126387,333
00:15:18,1790180118,36,S,9812,150,R,126523,333
00:15:19,1790180119,36,S,9818,150,R,126657,333
00:15:20,1790180120,36,S,9824,150,R,126793,333
00:15:21,1790180121,36,S,9830,150,R,126928,333
00:15:22,1790180122,36,S,9836,150,R,127063,333
00:15:23,1790180123,36,S,9843,150,R,127198,333
00:15:24,1790180124,36,S,9848,150,R,127332,333
00:15:25,1790180125,36,S,9854,150,R,127467,333
00:15:26,1790180126,36,S,9861,150,R,127602,333
00:15:27,1790180127,36,S,9867,150,R,127737,333
00:15:28,1790180128,36,S,9873,150,R,127872,333
00:15:29,1790180129,36,S,9880,150,R,128008,333
00:15:30,1790180130,36,S,9885,150,R,128142,333
00:15:31,1790180131,36,S,9897,150,R,128301,333
00:15:32,1790180132,36,S,9906,150,R,128443,333
00:15:33,1790180133,36,S,9914,150,R,128582,333
00:15:34,1790180134,36,S,9924,150,R,128736,333
00:15:35,1790180135,36,S,9933,150,R,128879,333
00:15:36,1790180136,36,S,9942,150,R,129018,333
00:15:37,1790180137,36,S,9951,150,R,129159,333
00:15:38,1790180138,36,S,9961,150,R,129299,333
00:15:39,1790180139,36,S,9970,150,R,129438,333
00:15:40,1790180140,36,R,9979,150,R,129578,333
00:15:41,1790180141,36,S,9987,150,R,129717,333
00:15:42,1790180142,36,S,9994,150,R,129856,333
00:15:43,1790180143,36,S,10003,150,R,129995,333
00:15:44,1790180144,36,S,10013,150,R,130134,333
00:15:45,1790180145,36,S,10021,150,R,130273,333
00:15:46,1790180146,36,S,10031,150,R,130411,333
00:15:47,1790180147,36,S,10038,150,R,130550,333
00:15:48,1790180148,36,S,10047,150,R,130688,333
00:15:49,1790180149,36,R,10052,150,R,130828,333
00:15:50,1790180150,36,S,10059,150,R,130963,333
00:15:51,1790180151,36,S,10065,150,R,131097,333
00:15:52,1790180152,36,R,10071,150,R,131232,333
00:15:53,1790180153,36,S,10078,150,R,131367,333
00:15:54,1790180154,36,S,10084,150,R,131502,333
00:15:55,1790180155,36,S,10090,150,R,131636,333
00:15:56,1790180156,36,S,10096,150,R,131772,333
00:15:57,1790180157,36,S,10103,150,R,131907,333
00:15:58,1790180158,36,S,10109,150,R,132042,333
00:15:59,1790180159,36,R,10115,150,R,132177,333
00:16:00,1790180160,36,S,10121,150,R,132312,333
00:16:01,1790180161,36,R,10128,150,R,132448,333
00:16:02,1790180162,36,S,10134,150,R,132582,333
00:16:03,1790180163,36,S,10140,150,R,132718,333
00:16:04,1790180164,36,S,10146,150,R,132853,333
00:16:05,1790180165,36,S,10152,150,R,132988,333
00:16:06,1790180166,36,S,10159,150,R,133122,333
00:16:07,1790180167,36,S,10165,150,R,133257,333
00:16:08,1790180168,36,S,10171,150,R,133392,333
00:16:09,1790180169,36,S,10178,150,R,133527,333
00:16:10,1790180170,36,S,10183,150,R,133661,333
00:16:11,1790180171,36,S,10189,150,R,133796,333
00:16:12,1790180172,36,S,10195,150,R,133931,333
00:16:13,1790180173,36,S,10202,150,R,134066,333
00:16:14,1790180174,36,S,10208,150,R,134200,333
00:16:15,1790180175,36,S,10214,150,R,134335,333
00:16:16,1790180176,36,S,10221,150,R,134469,333
00:16:17,1790180177,36,S,10226,150,R,134604,333
00:16:18,1790180178,36,S,10232,150,R,134739,333
00:16:19,1790180179,36,S,10239,150,R,134873,333
00:16:20,1790180180,36,S,10245,150,R,135008,333
00:16:21,1790180181,36,S,10251,150,R,135142,333
00:16:22,1790180182,36,S,10257,150,R,135277,333
00:16:23,1790180183,36,S,10263,150,R,135412,333
00:16:24,1790180184,36,S,10270,150,R,135546,333
00:16:25,1790180185,36,S,10276,150,R,135681,333
00:16:26,1790180186,36,S,10282,150,R,135815,333
00:16:27,1790180187,36,S,10289,150,R,135950,333
00:16:28,1790180188,36,S,10294,150,R,136085,333
00:16:29,1790180189,36,S,10301,150,R,136219,333
00:16:30,1790180190,36,S,10307,150,R,136353,333
00:16:31,1790180191,36,S,10313,150,R,136487,333
00:16:32,1790180192,36,S,10324,150,R,136643,333
00:16:33,1790180193,36,S,10332,150,R,136783,333
00:16:34,1790180194,36,S,10343,150,R,136922,333
00:16:35,1790180195,36,S,10351,150,R,137061,333
00:16:36,1790180196,36,S,10360,150,R,137200,333
00:16:37,1790180197,36,S,10368,150,R,137340,333
00:16:38,1790180198,36,S,10376,150,R,137478,333
00:16:39,1790180199,36,S,10385,150,R,137617,333
00:16:40,1790180200,36,S,10393,150,R,137756,333
00:16:41,1790180201,36,S,10401,150,R,137895,333
00:16:42,1790180202,36,S,10410,150,R,138034,333
00:16:43,1790180203,36,S,10418,150,R,138173,333
00:16:44,1790180204,36,S,10426,150,R,138312,333
00:16:45,1790180205,36,S,10434,150,R,138451,333
00:16:46,1790180206,36,S,10443,150,R,138591,333
00:16:47,1790180207,36,S,10451,150,R,138730,333
00:16:48,1790180208,36,S,10460,150,R,138870,333
00:16:49,1790180209,36,S,10468,150,R,139008,333
00:16:50,1790180210,36,S,10476,150,R,139147,333
00:16:51,1790180211,36,S,10481,150,R,139285,333
00:16:52,1790180212,36,S,10488,150,R,139421,333
00:16:53,1790180213,36,S,10494,150,R,139556,333
00:16:54,1790180214,36,S,10501,150,R,139691,333
00:16:55,1790180215,36,S,10507,150,R,139826,333
00:16:56,1790180216,36,S,10515,150,R,139961,333
00:16:57,1790180217,36,S,10521,150,R,140097,333
00:16:58,1790180218,36,S,10527,150,R,140233,333
00:16:59,1790180219,36,S,10534,150,R,140368,333
00:17:00,1790180220,36,S,10540,150,R,140503,333
00:17:01,1790180221,36,S,10547,150,R,140638,333
00:17:02,1790180222,36,S,10554,150,R,140773,333
00:17:03,1790180223,36,S,10560,150,R,140909,333
00:17:04,1790180224,36,S,10568,150,R,141044,333
00:17:05,1790180225,36,S,10574,150,R,141179,333
00:17:06,1790180226,36,S,10580,150,R,141314,333
00:17:07,1790180227,36,S,10587,150,R,141449,333
00:17:08,1790180228,36,S,10594,150,R,141583,333
00:17:09,1790180229,36,R,10600,150,R,141719,333
00:17:10,1790180230,36,S,10606,150,R,141853,333
00:17:11,1790180231,36,S,10612,150,R,141989,333
00:17:12,1790180232,36,S,10619,150,R,142123,333
00:17:13,1790180233,36,S,10626,150,R,142258,333
00:17:14,1790180234,36,S,10632,150,R,142392,333
00:17:15,1790180235,36,S,10639,150,R,142527,333
00:17:16,1790180236,36,S,10646,150,R,142662,333
00:17:17,1790180237,36,S,10652,150,R,142798,333
00:17:18,1790180238,36,S,10658,150,R,142933,333
00:17:19,1790180239,36,S,10665,150,R,143068,333
00:17:20,1790180240,36,S,10671,150,R,143203,333
00:17:21,1790180241,36,S,10678,150,R,143339,333
00:17:22,1790180242,36,S,10684,150,R,143474,333
00:17:23,1790180243,36,S,10690,150,R,143608,333
00:17:24,1790180244,36,S,10696,150,R,143744,333
00:17:25,1790180245,36,S,10703,150,R,143877,333
00:17:26,1790180246,36,S,10709,150,R,144012,333
00:17:27,1790180247,36,S,10716,150,R,144147,333
00:17:28,1790180248,36,S,10722,150,R,144281,333
00:17:29,1790180249,36,S,10728,150,R,144416,333
00:17:30,1790180250,36,S,10734,150,R,144549,333
00:17:31,1790180251,36,S,10741,150,R,144685,333
00:17:32,1790180252,36,S,10747,150,R,144820,333
00:17:33,1790180253,36,S,10756,150,R,144972,333
00:17:34,1790180254,36,S,10767,150,R,145125,333
00:17:35,1790180255,36,S,10778,150,R,145265,333
00:17:36,1790180256,36,S,10787,150,R,145404,333
00:17:37,1790180257,36,S,10796,150,R,145544,333
00:17:38,1790180258,36,S,10805,150,R,145684,333
00:17:39,1790180259,36,S,10817,150,R,145824,333
00:17:40,1790180260,36,S,10826,150,R,145965,333
00:17:41,1790180261,36,S,10835,150,R,146105,333
00:17:42,1790180262,36,S,10845,150,R,146245,333
00:17:43,1790180263,36,S,10853,150,R,146384,333
00:17:44,1790180264,36,S,10863,150,R,146524,333
00:17:45,1790180265,36,S,10873,150,R,146663,333
00:17:46,1790180266,36,S,10882,150,R,146803,333
00:17:47,1790180267,36,S,10891,150,R,146942,333
00:17:48,1790180268,36,S,10900,150,R,147082,333
00:17:49,1790180269,36,S,10911,150,R,147221,333
00:17:50,1790180270,36,S,10919,150,R,147360,333
00:17:51,1790180271,36,S,10930,150,R,147499,333
00:17:52,1790180272,36,S,10937,150,R,147650,333
00:17:53,1790180273,36,S,10943,150,R,147786,333
00:17:54,1790180274,36,S,10949,150,R,147920,333
00:17:55,1790180275,36,S,10956,150,R,148055,333
00:17:56,1790180276,36,S,10961,150,R,148190,333
00:17:57,1790180277,36,S,10968,150,R,148325,333
00:17:58,1790180278,36,R,10974,150,R,148460,333
00:17:59,1790180279,36,S,10980,150,R,148594,333
00:18:00,1790180280,36,R,10987,150,R,148729,333
00:18:01,1790180281,36,S,10993,150,R,148865,333
00:18:02,1790180282,36,S,11000,150,R,149000,333
00:18:03,1790180283,36,S,11006,150,R,149136,333
00:18:04,1790180284,36,S,11012,150,R,149271,333
00:18:05,1790180285,36,S,11018,150,R,149406,333
00:18:06,1790180286,36,S,11025,150,R,149542,333
00:18:07,1790180287,36,S,11032,150,R,149677,333
00:18:08,1790180288,36,S,11038,150,R,149812,333
00:18:09,1790180289,36,S,11046,150,R,149947,333
00:18:10,1790180290,36,S,11052,150,R,150080,333
00:18:11,1790180291,36,S,11059,150,R,150214,333
00:18:12,1790180292,36,S,11065,150,R,150349,333
00:18:13,1790180293,36,S,11073,150,R,150483,333
00:18:14,1790180294,36,S,11079,150,R,150618,333
00:18:15,1790180295,36,S,11086,150,R,150754,333
00:18:16,1790180296,36,S,11093,150,R,150889,333
00:18:17,1790180297,36,S,11099,150,R,151024,333
00:18:18,1790180298,36,S,11106,150,R,151159,333
00:18:19,1790180299,36,S,11112,150,R,151294,333
00:18:20,1790180300,36,S,11118,150,R,151430,333
00:18:21,1790180301,36,S,11125,150,R,151565,333
00:18:22,1790180302,36,S,11131,150,R,151700,333
00:18:23,1790180303,36,R,11138,150,R,151836,333
00:18:24,1790180304,36,S,11144,150,R,151970,333
00:18:25,1790180305,36,S,11150,150,R,152104,333
00:18:26,1790180306,36,S,11156,150,R,152239,333
00:18:27,1790180307,36,S,11163,150,R,152374,333
00:18:28,1790180308,36,S,11169,150,R,152508,333
00:18:29,1790180309,36,S,11175,150,R,152644,333
00:18:30,1790180310,36,S,11182,150,R,152778,333
00:18:31,1790180311,36,S,11187,150,R,152913,333
00:18:32,1790180312,36,S,11194,150,R,153048,333
00:18:33,1790180313,36,S,11200,150,R,153182,333
00:18:34,1790180314,36,S,11206,150,R,153317,333
00:18:35,1790180315,36,S,11213,150,R,153452,333
00:18:36,1790180316,36,R,11219,150,R,153588,333
00:18:37,1790180317,36,S,11226,150,R,153724,333
00:18:38,1790180318,36,S,11230,150,S,153807,333
00:18:39,1790180319,36,S,11230,150,S,153838,333
00:18:40,1790180320,36,S,11230,150,S,153864,333
00:18:41,1790180321,36,S,11230,150,S,153895,333
00:18:42,1790180322,36,S,11230,150,S,153926,333
00:18:43,1790180323,36,S,11230,150,S,153957,333
00:18:44,1790180324,36,S,11230,150,S,153988,333
00:18:45,1790180325,36,S,11230,150,S,154018,333
00:18:46,1790180326,36,S,11230,150,S,154048,333
00:18:47,1790180327,36,S,11230,150,S,154078,333
00:18:48,1790180328,36,S,11230,150,S,154109,333
00:18:49,1790180329,36,S,11230,150,S,154140,333
00:18:50,1790180330,36,S,11231,150,S,154170,333
00:18:51,1790180331,36,S,11231,150,S,154201,333
00:18:52,1790180332,36,S,11231,150,S,154230,333
00:18:53,1790180333,36,S,11231,150,S,154260,333
00:18:54,1790180334,36,S,11231,150,S,154290,333
00:18:55,1790180335,36,S,11231,150,S,154321,333
00:18:56,1790180336,36,S,11232,150,S,154350,333
